ticker,fiscal_period_end,debt_to_assets_ratio,interest_coverage_ratio
AMD,2025-12-27,,28.198473282442748
AMD,2024-12-28,,20.652173913043477
AMD,2023-12-30,,3.7830188679245285
AMD,2022-12-31,,14.363636363636363
AMD,2021-12-25,,107.29411764705883
AAPL,2025-09-27,0.7947533828265705,
AAPL,2024-09-28,0.8439640528248123,
AAPL,2023-09-30,0.8237407929480435,29.062039155860667
AAPL,2022-09-24,0.8563535598361469,40.74957352439441
AAPL,2021-09-25,0.8202574344305731,41.19054820415879
MSFT,2026-06-30,0.41666534805953775,
MSFT,2025-06-30,0.44510931287893596,
MSFT,2024-06-30,0.47579774407756903,37.285519591141394
MSFT,2023-06-30,0.499429578422044,44.98119918699187
MSFT,2022-06-30,0.5435204473193729,40.41832283082889
WMT,2026-01-31,,
WMT,2025-01-31,,
WMT,2024-01-31,,
WMT,2023-01-31,,
WMT,2022-01-31,,
