ticker,fiscal_period_end,debt_to_assets_ratio
MMM,2025-12-31,0.8741950017226301
MMM,2024-12-31,0.9023276813484499
MMM,2023-12-31,0.9037564254646105
MMM,2022-12-31,0.6820579054999462
MMM,2021-12-31,0.6788536709721278
AOS,2025-12-31,0.40880743286241567
AOS,2024-12-31,0.41867283950617284
AOS,2023-12-31,0.426117800802763
AOS,2022-12-31,0.47552741349818445
AOS,2021-12-31,0.47265714943587384
ABT,2025-12-31,0.39142919746750776
ABT,2024-12-31,0.4116368192202815
ABT,2023-12-31,0.4696779304504603
ABT,2022-12-31,0.5042182756119187
ABT,2021-12-31,0.520931964466195
ABBV,2025-12-31,1.0240967452971037
ABBV,2024-12-31,0.9751111637232633
ABBV,2023-12-31,0.9228199627350402
ABBV,2022-12-31,0.8754583768596232
ABBV,2021-12-31,0.8946556654314163
ACN,2025-08-31,0.5069803841116226
ACN,2024-08-31,0.478508569359031
ACN,2023-08-31,0.4836874714668983
ACN,2022-08-31,0.5187165372606578
ACN,2021-08-31,0.5345287409906507
ADBE,2025-11-28,0.6059465690263086
ADBE,2024-11-29,0.5334105193516374
ADBE,2023-12-01,0.4453138117465328
ADBE,2022-12-02,0.4827535431621572
ADBE,2021-12-03,0.4568114239565361
AMD,2025-12-27,0.1810441203234277
AMD,2024-12-28,0.16840493456215871
AMD,2023-12-30,0.17666642115342124
AMD,2022-12-31,0.18984906777153004
AMD,2021-12-25,0.39632820677993397
AES,2025-12-31,0.7695680729408129
AES,2024-12-31,0.8177024005400161
AES,2023-12-31,0.833723967052836
AES,2022-12-31,0.848160988452415
AES,2021-12-31,0.82331705245275
AFL,2025-12-31,0.7468017515239976
AFL,2024-12-31,0.7780140516816086
AFL,2023-12-31,0.8265127363403934
AFL,2022-12-31,0.8292969614630162
AFL,2021-12-31,0.788926127635805
A,2025-10-31,0.470338650113931
A,2024-10-31,0.5021104170184029
A,2023-10-31,0.45693579856917216
A,2022-10-31,0.49629699962020507
A,2021-10-31,0.49659037832788416
APD,2025-09-30,0.5774473629732462
APD,2024-09-30,0.5281392610411729
APD,2023-09-30,0.510653855167565
APD,2022-09-30,0.4960982031876319
APD,2021-09-30,0.4754869839756955
ABNB,2025-12-31,0.6308087175792507
ABNB,2024-12-31,0.598644973519729
ABNB,2023-12-31,0.604504722693146
ABNB,2022-12-31,0.6533233570270607
ABNB,2021-12-31,0.6516232951968249
AKAM,2025-12-31,0.5664176142062954
AKAM,2024-12-31,0.5295150781890067
AKAM,2023-12-31,0.535642644567894
AKAM,2022-12-31,0.47489136980032276
AKAM,2021-12-31,0.4433964849060774
ALB,2025-12-31,0.40263008703136904
ALB,2024-12-31,0.3859179083194353
ALB,2023-12-31,0.4710041546410057
ALB,2022-12-31,0.47007179234759283
ALB,2021-12-31,0.4709727925287481
ARE,2025-12-31,0.4379282688270746
ARE,2024-12-31,0.4031445889114392
ARE,2023-12-31,0.3847666455578713
ARE,2022-12-31,0.36145617709611627
ARE,2021-12-31,0.3701639673331409
ALGN,2025-12-31,0.3504417044599405
ALGN,2024-12-31,0.38017169246612814
ALGN,2023-12-31,0.40326061818804027
ALGN,2022-12-31,0.39452083214594885
ALGN,2021-12-31,0.3903320537654133
ALLE,2025-12-31,0.6041886019488102
ALLE,2024-12-31,0.6656045278310085
ALLE,2023-12-31,0.6942363446596312
ALLE,2022-12-31,0.7633543796351975
ALLE,2021-12-31,0.7501147164863979
LNT,2025-12-31,0.706534352366852
LNT,2024-12-31,0.6916439200493087
LNT,2023-12-31,0.6808871309506993
LNT,2022-12-31,0.6887367951197738
LNT,2021-12-31,0.6771411631542069
ALL,2025-12-31,0.7445765627348486
ALL,2024-12-31,0.8085685872223766
ALL,2023-12-31,0.8294344149687506
ALL,2022-12-31,0.8228814683993997
ALL,2021-12-31,0.7473149637972647
GOOGL,2025-12-31,0.3024050826416432
GOOGL,2024-12-31,0.27800184783767456
GOOGL,2023-12-31,0.29576383228294795
GOOGL,2022-12-31,0.29874282710587413
GOOGL,2021-12-31,0.2995897213222441
GOOG,2025-12-31,0.3024050826416432
GOOG,2024-12-31,0.27800184783767456
GOOG,2023-12-31,0.29576383228294795
GOOG,2022-12-31,0.29874282710587413
GOOG,2021-12-31,0.2995897213222441
MO,2025-12-31,1.0985806893794443
MO,2024-12-31,1.0621997327799415
MO,2023-12-31,1.0904848327715841
MO,2022-12-31,1.1061590084970503
MO,2021-12-31,1.0406345672140274
AMZN,2025-12-31,0.49750135078638996
AMZN,2024-12-31,0.5423703860174686
AMZN,2023-12-31,0.6175552330758126
AMZN,2022-12-31,0.6843507861890096
AMZN,2021-12-31,0.6712749287241201
AMCR,2026-06-30,0.6818708720851867
AMCR,2025-06-30,0.6832676846705876
AMCR,2024-06-30,0.7607722101186154
AMCR,2023-06-30,0.759454213962242
AMCR,2022-06-30,0.7623665786755423
AEE,2025-12-31,0.7208928129383613
AEE,2024-12-31,0.7254809632718956
AEE,2023-12-31,0.7188831741366642
AEE,2022-12-31,0.7193699873364289
AEE,2021-12-31,0.7249475304323493
AEP,2025-12-31,0.718189760615062
AEP,2024-12-31,0.7378305749044413
AEP,2023-12-31,0.7380290430681395
AEP,2022-12-31,0.7414308854020674
AEP,2021-12-31,0.7408025897498195
AXP,2025-12-31,0.8884393371815552
AXP,2024-12-31,0.8885143722302651
AXP,2023-12-31,0.8925463792760084
AXP,2022-12-31,0.8917864368480517
AXP,2021-12-31,0.8823800835861425
AIG,2025-12-31,0.7447381150235033
AIG,2024-12-31,0.7362418021100656
AIG,2023-12-31,0.9048758960590092
AIG,2022-12-31,0.9198019877182255
AIG,2021-12-31,0.8843975628740908
AMT,2025-12-31,0.8361254241150554
AMT,2024-12-31,0.8420250370840933
AMT,2023-12-31,0.8354415426276285
AMT,2022-12-31,0.8153345883963717
AMT,2021-12-31,0.8702264626637801
AWK,2025-12-31,0.6942328311043395
AWK,2024-12-31,0.6852878464818764
AWK,2023-12-31,0.6766453231236386
AWK,2022-12-31,0.723143916219815
AWK,2021-12-31,0.7201150527325024
AMP,2025-12-31,0.9656947994803671
AMP,2024-12-31,0.9711801899637823
AMP,2023-12-31,0.9730066042205364
AMP,2022-12-31,0.9772004442537294
AMP,2021-12-31,0.9676950090635814
AME,2025-12-31,0.33849338383597294
AME,2024-12-31,0.34008663285893287
AME,2023-12-31,0.4188989367547567
AME,2022-12-31,0.39856489198077083
AME,2021-12-31,0.4224427637588819
AMGN,2025-12-31,0.9044223169143135
AMGN,2024-12-31,0.9360075784797308
AMGN,2023-12-31,0.935854416699261
AMGN,2022-12-31,0.943781575835752
AMGN,2021-12-31,0.8904602305239925
APH,2025-12-31,0.6271838926618999
APH,2024-12-31,0.5402981315472803
APH,2023-12-31,0.49011884015877627
APH,2022-12-31,0.5371259672978299
APH,2021-12-31,0.5654090364072378
ADI,2025-11-01,0.29539812211487443
ADI,2024-11-02,0.2706287848516753
ADI,2023-10-28,0.2711240398964817
ADI,2022-10-29,0.27507714848312254
ADI,2021-10-30,0.2738715942646842
AON,2025-12-31,0.8119880277252678
AON,2024-12-31,0.8686817114265292
AON,2023-12-31,1.02184987779381
AON,2022-12-31,1.013117661448141
AON,2021-12-31,0.9637183945859573
APA,2025-12-31,0.6057091379989865
APA,2024-12-31,0.6718927282104178
APA,2023-12-31,0.7578719496195224
APA,2022-12-31,0.8976952917015288
APA,2021-12-31,1.0538976170788543
APO,2025-12-31,0.9077663689475408
APO,2024-12-31,0.9180195556966882
APO,2023-12-31,0.9194706017455213
APO,2022-12-31,0.9721246428337311
AAPL,2025-09-27,0.7947533828265705
AAPL,2024-09-28,0.8439640528248123
AAPL,2023-09-30,0.8237407929480435
AAPL,2022-09-24,0.8563535598361469
AAPL,2021-09-25,0.8202574344305731
AMAT,2025-10-26,0.437587812336428
AMAT,2024-10-27,0.4477898224301782
AMAT,2023-10-29,0.46796186013212276
AMAT,2022-10-30,0.5437401781037192
AMAT,2021-10-31,0.5257696030977734
APP,2025-12-31,0.7059523858719683
APP,2024-12-31,0.8143176165849897
APP,2023-12-31,0.7655747037750316
APP,2022-12-31,0.6746362677813335
APP,2021-12-31,0.6530764025252211
APTV,2025-12-31,0.5942852261564089
APTV,2024-12-31,0.6127120811663398
APTV,2023-12-31,0.5151267040569861
APTV,2022-12-31,0.5844452568086274
APTV,2021-12-31,0.5245737768645526
ACGL,2025-12-31,0.6945268232354463
ACGL,2024-12-31,0.7063718162073731
ACGL,2023-12-31,0.6884018605914508
ACGL,2022-12-31,0.7307612941034359
ACGL,2021-12-31,0.6994491135385301
ADM,2025-12-31,0.5604611655118441
ADM,2024-12-31,0.5789266204876949
ADM,2023-12-31,0.5521773352126083
ADM,2022-12-31,0.5881821527754542
ADM,2021-12-31,0.5944313809320222
ARES,2025-12-31,0.6961102271968066
ARES,2024-12-31,0.7026886984359783
ARES,2023-12-31,0.7969572390368169
ARES,2022-12-31,0.7770729040920583
ARES,2021-12-31,0.7727194294845436
ANET,2025-12-31,0.3639387925094865
ANET,2024-12-31,0.2883179134943866
ANET,2023-12-31,0.2742334574535786
ANET,2022-12-31,0.2788893956232907
ANET,2021-12-31,0.30619072971345535
AJG,2025-12-31,0.6696101323144413
AJG,2024-12-31,0.6859460401648427
AJG,2023-12-31,0.7904653226337672
AJG,2022-12-31,0.7637954343345036
AJG,2021-12-31,0.743286849602639
AIZ,2025-12-31,0.8382015784136502
AIZ,2024-12-31,0.8541801111345894
AIZ,2023-12-31,0.8570099181809533
AIZ,2022-12-31,0.8723365072847922
AIZ,2021-12-31,0.8381168630110729
T,2025-12-31,0.6989728651730851
T,2024-12-31,0.7004901277878393
T,2023-12-31,0.7114872500368496
T,2022-12-31,0.7357423179174538
T,2021-12-31,0.6667011105430893
ATO,2025-09-30,0.5200311707929076
ATO,2024-09-30,0.5174468281029186
ATO,2023-09-30,0.517250102234013
ATO,2022-09-30,0.5755825860139885
ATO,2021-09-30,0.5967655008791523
ADSK,2026-01-31,0.7557551937113981
ADSK,2025-01-31,0.7580540939721222
ADSK,2024-01-31,0.8128531073446328
ADSK,2023-01-31,0.8786819241364696
ADSK,2022-01-31,0.901345447785472
ADP,2026-06-30,0.9045595023523063
ADP,2025-06-30,0.8840531916288953
ADP,2024-06-30,0.9163470541382235
ADP,2023-06-30,0.9311549704734065
ADP,2022-06-30,0.9488601228511357
AZO,2025-08-30,1.1764017486868212
AZO,2024-08-31,1.276517538051032
AZO,2023-08-26,1.2721085448043579
AZO,2022-08-27,1.2316794132756288
AZO,2021-08-28,1.123829660918812
AVY,2025-12-31,0.7452651192383289
AVY,2024-12-28,0.724863758596892
AVY,2023-12-30,0.7408097639406563
AVY,2022-12-31,0.7443934343751966
AVY,2022-01-01,0.7585930051683476
AXON,2025-12-31,0.5367838552361873
AXON,2024-12-31,0.4798035036968767
AXON,2023-12-31,0.5309552802061193
AXON,2022-12-31,0.5552110281798692
AXON,2021-12-31,0.3793135925033023
BKR,2025-12-31,0.5349918054842102
BKR,2024-12-31,0.5554310142585304
BKR,2023-12-31,0.5799431587494925
BKR,2022-12-31,0.5750563178373951
BKR,2021-12-31,0.5257165514897474
BALL,2025-12-31,0.722341733251383
BALL,2024-12-31,0.6636033582936238
BALL,2023-12-31,0.8012226078847847
BALL,2022-12-31,0.8228439399266664
BALL,2021-12-31,0.8130770011159582
BAC,2025-12-31,0.9111177353008936
BAC,2024-12-31,0.9093799545549175
BAC,2023-12-31,0.9082917760823307
BAC,2022-12-31,0.9104675760927451
BAC,2021-12-31,0.9147921041049126
BAX,2025-12-31,0.6957367240089753
BAX,2024-12-31,0.7275618648669614
BAX,2023-12-31,0.7005234120809167
BAX,2022-12-31,0.7916003818008273
BAX,2021-12-31,0.7279019122341219
BDX,2025-09-30,0.5410754631721645
BDX,2024-09-30,0.5480571169221101
BDX,2023-09-30,0.5112542629784009
BDX,2022-09-30,0.5223863679298749
BDX,2021-09-30,0.5604462926521367
BRK-B,2025-12-31,0.41112982090959077
BRK-B,2024-12-31,0.43524938880179154
BRK-B,2023-12-31,0.4665591255147302
BRK-B,2022-12-31,0.4932616516175832
BRK-B,2021-12-31,0.4629343001134771
BBY,2026-01-31,0.7979550102249489
BBY,2025-02-01,0.8100392369097551
BBY,2024-02-03,0.7960179060599987
BBY,2023-01-28,0.8231348478137063
BBY,2022-01-29,0.8274680073126143
TECH,2026-06-30,0.1849848031836383
TECH,2025-06-30,0.24984088311046543
TECH,2024-06-30,0.23485511676424914
TECH,2023-06-30,0.25473833247684835
TECH,2022-06-30,0.25875575484627233
BIIB,2025-12-31,0.3798535980570322
BIIB,2024-12-31,0.40404929891298536
BIIB,2023-12-31,0.44870514960066754
BIIB,2022-12-31,0.4547387198064682
BIIB,2021-12-31,0.5409991917009042
BLK,2025-12-31,0.6379839762820739
BLK,2024-12-31,0.6439418533347762
BX,2025-12-31,0.5413615153123704
BX,2024-12-31,0.5515281559930871
BX,2023-12-31,0.5513446964854882
BX,2022-12-31,0.5371798998251044
BX,2021-12-31,0.4731082865282818
XYZ,2025-12-31,0.43944512407835706
XYZ,2024-12-31,0.4226114567850345
XYZ,2023-12-31,0.45133857626145174
XYZ,2022-12-31,0.44996913692429047
XYZ,2021-12-31,0.7620533422798204
BE,2025-12-31,0.8196463219893234
BE,2024-12-31,0.7797749189607407
BE,2023-12-31,0.7842834811783018
BE,2022-12-31,0.8053987743928344
BE,2021-12-31,0.8800258001554269
BNY,2025-12-31,0.9051280965488038
BNY,2024-12-31,0.8996212121212122
BNY,2023-12-31,0.8999665815349565
BNY,2022-12-31,0.8993304303038816
BNY,2021-12-31,0.902368834348098
BA,2025-12-31,0.9675632300056468
BA,2024-12-31,1.0250314972212096
BA,2023-12-31,1.1257408110238518
BA,2022-12-31,1.1155944566010212
BA,2021-12-31,1.1071511057220393
BKNG,2025-12-31,1.1906096227446692
BKNG,2024-12-31,1.1450844521437853
BKNG,2023-12-31,1.112726973954482
BKNG,2022-12-31,0.8903040100942392
BKNG,2021-12-31,0.7386743369569815
BSX,2025-12-31,0.439653790671582
BSX,2024-12-31,0.4414773448407158
BSX,2023-12-31,0.44415983606557374
BSX,2022-12-31,0.4587760633219378
BSX,2021-12-31,0.4842533122343231
BMY,2025-12-31,0.7944756658299829
BMY,2024-12-31,0.823029491485157
BMY,2023-12-31,0.6901501697159491
BMY,2022-12-31,0.6785994629208841
BMY,2021-12-31,0.6706185849936879
AVGO,2025-11-02,0.5248638159586655
AVGO,2024-11-03,0.5914274502701561
AVGO,2023-10-29,0.6707703709803599
AVGO,2022-10-30,0.689975289765048
AVGO,2021-10-31,0.6693264522958846
BR,2026-06-30,0.6824477658658737
BR,2025-06-30,0.6892802808660035
BR,2024-06-30,0.7369455498398525
BR,2023-06-30,0.7278579410192878
BR,2022-06-30,0.7650817745568504
BRO,2025-12-31,0.580774232269681
BRO,2024-12-31,0.6345105609811492
BRO,2023-12-31,0.6251662926481852
BRO,2022-12-31,0.6703331305685762
BRO,2021-12-31,0.5715463813122081
BF-B,2026-04-30,0.49075247023055485
BF-B,2025-04-30,0.5061835270838486
BF-B,2024-04-30,0.5693117805535146
BF-B,2023-04-30,0.5797865500835798
BF-B,2022-04-30,0.57053193158638
BG,2025-12-31,0.6099308300395256
BG,2024-12-31,0.5604241134182095
BG,2023-12-31,0.5343685953019076
BXP,2025-12-31,0.7060233972392743
BXP,2024-12-31,0.6953167685004934
BXP,2023-12-31,0.6852256551670399
BXP,2022-12-31,0.6542239568791196
BXP,2021-12-31,0.6403888566811973
CHRW,2025-12-31,0.6351308847633265
CHRW,2024-12-31,0.6749575211129789
CHRW,2023-12-31,0.728493592687856
CHRW,2022-12-31,0.7727084636255483
CHRW,2021-12-31,0.7123076581591187
CDNS,2025-12-31,0.46083904223596467
CDNS,2024-12-31,0.47923701891652354
CDNS,2023-12-31,0.39954556767088967
CDNS,2022-12-31,0.46562681341176715
CDNS,2022-01-01,0.3751736942693601
CPT,2025-12-31,0.5092050869463626
CPT,2024-12-31,0.4637243813476148
CPT,2023-12-31,0.4616461437484874
CPT,2022-12-31,0.45787347360375047
CPT,2021-12-31,0.4651660368389065
COF,2025-12-31,0.8301726882597992
COF,2024-12-31,0.8759874649082718
COF,2023-12-31,0.8785927467897271
COF,2022-12-31,0.8844983734176242
COF,2021-12-31,0.8588536499059857
CAH,2026-06-30,1.047540096685806
CAH,2025-06-30,1.0495839765069086
CAH,2024-06-30,1.0711863655504088
CAH,2023-06-30,1.0656655227215146
CAH,2022-06-30,1.0160900679155842
CCL,2025-11-30,0.7623386925145588
CCL,2024-11-30,0.8114234461952423
CCL,2023-11-30,0.8598941368078176
CCL,2022-11-30,0.8633541573989904
CCL,2021-11-30,0.7723455308938212
CARR,2025-12-31,0.6201129335842969
CARR,2024-12-31,0.6151378231692645
CARR,2023-12-31,0.7256413381268662
CARR,2022-12-31,0.6904086483171049
CARR,2021-12-31,0.7289469662234449
CVNA,2025-12-31,0.6816150291644573
CVNA,2024-12-31,0.8379302215935879
CVNA,2023-12-31,1.0543063215952482
CVNA,2022-12-31,1.1210623131754427
CVNA,2021-12-31,0.925160370634355
CASY,2026-04-30,0.5577781246870124
CASY,2025-04-30,0.5725366033967835
CASY,2024-04-30,0.5249448083973474
CASY,2023-04-30,0.552322879492266
CASY,2022-04-30,0.5929989302054405
CAT,2025-12-31,0.7837602069280316
CAT,2024-12-31,0.7778815915409507
CAT,2023-12-31,0.7770474187205634
CAT,2022-12-31,0.8060725138205826
CAT,2021-12-31,0.8005145362530649
CBOE,2025-12-31,0.44780931297217713
CBOE,2024-12-31,0.45056553388709863
CBOE,2023-12-31,0.467779632721202
CBOE,2022-12-31,0.5048793381817143
CBOE,2021-12-31,0.47101034558661675
CBRE,2025-12-31,0.6882469151795835
CBRE,2024-12-31,0.6230160357626215
CBRE,2023-12-31,0.5978800780557034
CBRE,2022-12-31,0.5804821914116678
CBRE,2021-12-31,0.5760019563738241
CDW,2025-12-31,0.8374053231180045
CDW,2024-12-31,0.8397168628733377
CDW,2023-12-31,0.8462505457446968
CDW,2022-12-31,0.8779042759776111
CDW,2021-12-31,0.9465354485809961
COR,2025-09-30,0.9771891572635382
COR,2024-09-30,0.9882753732481787
COR,2023-09-30,0.98934941886463
COR,2022-09-30,0.9987398828895357
COR,2021-09-30,0.9898075798332356
CNC,2025-12-31,0.738673824384015
CNC,2024-12-31,0.6784523015343562
CNC,2023-12-31,0.6933401070403232
CNC,2022-12-31,0.6847014439963575
CNC,2021-12-31,0.6552216905901116
CNP,2025-12-31,0.7603257832982335
CNP,2024-12-31,0.7563059769694754
CNP,2023-12-31,0.7565907088002014
CNP,2022-12-31,0.7394801016966741
CNP,2021-12-31,0.7501260649167971
CF,2025-12-31,0.4481118682566723
CF,2024-12-31,0.43620971335214614
CF,2023-12-31,0.4175709515859766
CF,2022-12-31,0.4101254412979794
CF,2021-12-31,0.5122424242424243
CRL,2025-12-27,0.5499643889317268
CRL,2024-12-28,0.534017370351651
CRL,2023-12-30,0.5535085352643642
CRL,2022-12-31,0.6023153403299061
CRL,2021-12-25,0.6309959779576362
SCHW,2025-12-31,0.8993370604588642
SCHW,2024-12-31,0.8991857753473532
SCHW,2023-12-31,0.916950877776381
SCHW,2022-12-31,0.9336537555367072
SCHW,2021-12-31,0.9156848052512476
CHTR,2025-12-31,0.8669437725742966
CHTR,2024-12-31,0.8686375149980002
CHTR,2023-12-31,0.9000088319417363
CHTR,2022-12-31,0.9131695301093944
CHTR,2021-12-31,0.8725814261953386
CVX,2025-12-31,0.40688616470994904
CVX,2024-12-31,0.40391456304633805
CVX,2023-12-31,0.38108106042074363
CVX,2022-12-31,0.37820565055935185
CVX,2021-12-31,0.4157847496190536
CMG,2025-12-31,0.6852968765130723
CMG,2024-12-31,0.6028468638931882
CMG,2023-12-31,0.6193350075493868
CMG,2022-12-31,0.6581708216985511
CMG,2021-12-31,0.6546838263521279
CB,2025-12-31,0.7070470427096835
CB,2024-12-31,0.7225935720427665
CB,2023-12-31,0.7239013013585802
CB,2022-12-31,0.7462137950427831
CB,2021-12-31,0.7015105921401221
CHD,2025-12-31,0.5509402630043535
CHD,2024-12-31,0.5090902950546543
CHD,2023-12-31,0.5500863557858376
CHD,2022-12-31,0.5818275498466258
CHD,2021-12-31,0.5956731069843056
CIEN,2025-11-01,0.5346158613950289
CIEN,2024-11-02,0.5008030897640046
CIEN,2023-10-28,0.491499858519913
CIEN,2022-10-29,0.46488009386085616
CIEN,2021-10-30,0.37926472906608466
CI,2025-12-31,0.7348387464459628
CI,2024-12-31,0.7354199677959469
CI,2023-12-31,0.6965783151458814
CI,2022-12-31,0.6876927993774838
CI,2021-12-31,0.6953689416291667
CINF,2025-12-31,0.6119457587434759
CINF,2024-12-31,0.6182296375441769
CINF,2023-12-31,0.6308096066404224
CINF,2022-12-31,0.645850147968792
CINF,2021-12-31,0.5824704495491764
CTAS,2026-05-31,0.5118417078697786
CTAS,2025-05-31,0.5232197357805269
CTAS,2024-05-31,0.5292334878098233
CTAS,2023-05-31,0.5478791194750137
CTAS,2022-05-31,0.5939496684527895
CSCO,2026-07-25,0.6121091972199295
CSCO,2025-07-26,0.6169546409793034
CSCO,2024-07-27,0.6346282140933825
CSCO,2023-07-29,0.5645348152220869
CSCO,2022-07-30,0.5768919810216804
C,2025-12-31,0.9195311459196553
C,2024-12-31,0.9110195945931587
C,2023-12-31,0.914483749710801
C,2022-12-31,0.916481150141765
C,2021-12-31,0.9115515186481006
CFG,2025-12-31,0.8837336702731599
CFG,2024-12-31,0.8884981220204027
CFG,2023-12-31,0.8903335676055577
CFG,2022-12-31,0.8955158710906661
CFG,2021-12-31,0.8756959593225376
CLX,2026-06-30,0.9676674364896074
CLX,2025-06-30,0.9133249415572738
CLX,2024-06-30,0.9144496609285342
CLX,2023-06-30,0.9347350714886459
CLX,2022-06-30,0.8816174082494317
CME,2025-12-31,0.8552182647076314
CME,2024-12-31,0.8072937204886247
CME,2023-12-31,0.7938578062249964
CME,2022-12-31,0.8456805398227193
CME,2021-12-31,0.8607619766816089
CMS,2025-12-31,0.7568663779074134
CMS,2024-12-31,0.7564587973273942
CMS,2023-12-31,0.7575857027776949
CMS,2022-12-31,0.7577584282205849
CMS,2021-12-31,0.7500086947448962
KO,2025-12-31,0.6729983971912685
KO,2024-12-31,0.73771991765209
KO,2023-12-31,0.7187394450528642
KO,2022-12-31,0.7215915828509212
KO,2021-12-31,0.7365241537189732
CTSH,2025-12-31,0.27435723951285523
CTSH,2024-12-31,0.2783732344986477
CTSH,2023-12-31,0.28436942054861225
CTSH,2022-12-31,0.31049742325789825
CTSH,2021-12-31,0.32831055343939053
COHR,2026-06-30,0.3858857437754141
COHR,2025-06-30,0.4312038493089904
COHR,2024-06-30,0.4515508501353544
COHR,2023-06-30,0.47276669258477766
COHR,2022-06-30,0.44125378624385997
COIN,2025-12-31,0.5014444001974667
COIN,2024-12-31,0.5441014843834946
COIN,2023-12-31,0.9696513702749231
COIN,2022-12-31,0.9392079719076337
COIN,2021-12-31,0.7000300125620317
CL,2025-12-31,0.9776484996938151
CL,2024-12-31,0.9660974697743986
CL,2023-12-31,0.941621423778442
CL,2022-12-31,0.9487635878202276
CL,2021-12-31,0.935438829787234
CMCSA,2025-12-31,0.6436538764850659
CMCSA,2024-12-31,0.6768052409554827
CMCSA,2023-12-31,0.6857154725445695
CMCSA,2022-12-31,0.6827247109124478
CMCSA,2021-12-31,0.6466537395117885
FIX,2025-12-31,0.619824600161865
FIX,2024-12-31,0.6381566211456886
FIX,2023-12-31,0.6134326240576916
FIX,2022-12-31,0.6150408203649848
FIX,2021-12-31,0.6352990384380345
COP,2025-12-31,0.47115360959168107
COP,2024-12-31,0.47225932562306566
COP,2023-12-31,0.4862703807180685
COP,2022-12-31,0.48839910901746797
COP,2021-12-31,0.4991672273634749
ED,2025-12-31,0.6757503049475222
ED,2024-12-31,0.6887559876420737
ED,2023-12-31,0.6810239556165292
ED,2022-12-31,0.69754579019764
ED,2021-12-31,0.6777996070726916
STZ,2026-02-28,0.617045272938974
STZ,2025-02-28,0.6704830433718358
STZ,2024-02-29,0.6082548060268491
STZ,2023-02-28,0.6458602806713081
STZ,2022-02-28,0.534038784334656
CEG,2025-12-31,0.7405544201645443
CEG,2024-12-31,0.7441900011336583
CEG,2023-12-31,0.777650813664841
CEG,2022-12-31,0.7575731735914217
CEG,2021-12-31,
COO,2025-10-31,0.33527769709878336
COO,2024-10-31,0.3436078991814993
COO,2023-10-31,0.35234027223837583
COO,2022-10-31,0.37569503058569653
COO,2021-10-31,0.2773417168078949
CPRT,2026-07-31,0.09113954093665516
CPRT,2025-07-31,0.08754529575255017
CPRT,2024-07-31,0.10432292598606226
CPRT,2023-07-31,0.11137614670729469
CPRT,2022-07-31,0.12870267537461874
GLW,2025-12-31,0.6026924070247934
GLW,2024-12-31,0.6008653326122229
GLW,2023-12-31,0.5835789473684211
GLW,2022-12-31,0.5838841994643886
GLW,2021-12-31,0.5839689593420442
CPAY,2025-12-31,0.8398721833253276
CPAY,2024-12-31,0.8248046127447238
CPAY,2023-12-31,0.7879099539087371
CPAY,2022-12-31,0.8196148697660488
CPAY,2021-12-31,0.786150376290979
CSGP,2025-12-31,0.2056367432150313
CSGP,2024-12-31,0.18400527180019013
CSGP,2023-12-31,0.17725932486518606
CSGP,2022-12-31,0.1823688748665571
CSGP,2021-12-31,0.21292909850540268
COST,2026-08-30,0.59792239878713
COST,2025-08-31,0.6217330964085137
COST,2024-09-01,0.6617261674614426
COST,2023-09-03,0.6368089978838739
COST,2022-08-28,0.6782252283140604
CRH,2025-12-31,0.5632018378508118
CRH,2024-12-31,0.5485349613735602
CRH,2023-12-31,0.5445237944763951
CRWD,2026-01-31,0.5965786523725218
CRWD,2025-01-31,0.6185844682424269
CRWD,2024-01-31,0.6483740363378129
CRWD,2023-01-31,0.7040839225391621
CRWD,2022-01-31,0.7132300329898924
CCI,2025-12-31,1.0518751189796307
CCI,2024-12-31,1.0040628054740959
CCI,2023-12-31,0.8343758922314222
CCI,2022-12-31,0.8086123172580355
CCI,2021-12-31,0.7884733606557377
CSX,2025-12-31,0.6987317430520581
CSX,2024-12-31,0.7075343747076981
CSX,2023-12-31,0.713898321071496
CSX,2022-12-31,0.6987736209200229
CSX,2021-12-31,0.6669216155535269
CMI,2025-12-31,0.6055542480583667
CMI,2024-12-31,0.6414711477488902
CMI,2023-12-31,0.6905483518200282
CMI,2022-12-31,0.6625301165054952
CMI,2021-12-31,0.6035006326444539
CVS,2025-12-31,0.7026796772081503
CVS,2024-12-31,0.7009260904764726
CVS,2023-12-31,0.6931221168631471
CVS,2022-12-31,0.6875917205125397
CVS,2021-12-31,0.6764750063304993
DHR,2025-12-31,0.3704950637400556
DHR,2024-12-31,0.3609914626911867
DHR,2023-12-31,0.36689233974055485
DHR,2022-12-31,0.4061647895672792
DHR,2021-12-31,0.45690276976341604
DRI,2026-05-31,0.8283757308122901
DRI,2025-05-25,0.8163740367045365
DRI,2024-05-26,0.8019517795637199
DRI,2023-05-28,0.7850412537225993
DRI,2022-05-29,0.7831251603228162
DDOG,2025-12-31,0.43824599132670783
DDOG,2024-12-31,0.5308204065483457
DDOG,2023-12-31,0.4854377663823223
DDOG,2022-12-31,0.5305908577194484
DDOG,2021-12-31,0.5626656485189395
DVA,2025-12-31,0.9337281937068678
DVA,2024-12-31,0.8790096283147013
DVA,2023-12-31,0.8376098893911047
DVA,2022-12-31,0.8685747353004906
DVA,2021-12-31,0.8615202136636723
DECK,2026-03-31,0.3221807788728403
DECK,2025-03-31,0.29612447524712543
DECK,2024-03-31,0.3278855356538617
DECK,2023-03-31,0.309236003556838
DECK,2022-03-31,0.3401972344302712
DE,2025-11-02,0.7546416845918714
DE,2024-10-27,0.7863865076407007
DE,2023-10-29,0.7897335882482923
DE,2022-10-30,0.7738864822836832
DE,2021-10-31,0.7808450436312623
DELL,2026-01-30,1.024386391011591
DELL,2025-01-31,1.0173927218920071
DELL,2024-02-02,1.0281280074065953
DELL,2023-02-03,1.0337570164377141
DELL,2022-01-28,1.017037795869952
DAL,2025-12-31,0.7435591573717673
DAL,2024-12-31,0.7970997187284403
DAL,2023-12-31,0.8492069958177176
DAL,2022-12-31,0.9089475431606906
DAL,2021-12-31,0.9463558702162602
DVN,2025-12-31,0.508592044052027
DVN,2024-12-31,0.5177277050739612
DVN,2023-12-31,0.501143323805635
DVN,2022-12-31,0.5237974790270225
DVN,2021-12-31,0.552960760998811
DXCM,2025-12-31,0.5668701399075695
DXCM,2024-12-31,0.6757498650628422
DXCM,2023-12-31,0.6697900869981642
DXCM,2022-12-31,0.6046145000649146
DXCM,2021-12-31,0.5370713052060202
FANG,2025-12-31,0.39533345529771036
FANG,2024-12-31,0.4076264637698389
FANG,2023-12-31,0.39898624185372916
FANG,2022-12-31,0.4013506810637567
FANG,2021-12-31,0.4215652022010656
DLR,2025-12-31,0.4971516157264489
DLR,2024-12-31,0.4882082738268958
DLR,2023-12-31,0.5240360392333752
DLR,2022-12-31,0.5270062686275169
DLR,2021-12-31,0.4906789633968627
DG,2026-01-30,0.7250989464124639
DG,2025-01-31,0.7618677743454132
DG,2024-02-02,0.7808413873271665
DG,2023-02-03,0.8094521861928847
DG,2022-01-28,0.7621492096571283
DLTR,2026-01-31,0.7211611293460665
DLTR,2025-02-01,0.7866659515125509
DLTR,2024-02-03,0.6679410629554794
DLTR,2023-01-28,0.6198652599024416
DLTR,2022-01-29,0.6446657275179773
D,2025-12-31,0.7115668453351977
D,2024-12-31,0.7051994336767076
D,2023-12-31,0.747514491158559
D,2022-12-31,0.7325383958635112
D,2021-12-31,0.7096294808715734
DPZ,2025-12-28,3.27278484368109
DPZ,2024-12-29,3.281094614720788
DPZ,2023-12-31,3.430216389167347
DPZ,2023-01-01,3.6145363217683455
DPZ,2022-01-02,3.5179421658842838
DASH,2025-12-31,0.48898723231090085
DASH,2024-12-31,0.39198131568703776
DASH,2023-12-31,0.3714364793800166
DASH,2022-12-31,0.3086117070180815
DASH,2021-12-31,0.31458363930092526
DOV,2025-12-31,0.4482958851766183
DOV,2024-12-31,0.4440876925389075
DOV,2023-12-31,0.5500199012857455
DOV,2022-12-31,0.606629786998949
DOV,2021-12-31,0.5973012104336305
DOW,2025-12-31,0.7006730670675458
DOW,2024-12-31,0.6885294528196538
DOW,2023-12-31,0.6703641727189608
DOW,2022-12-31,0.6494067950431497
DOW,2021-12-31,0.7025083346562947
DHI,2025-09-30,0.3024707368231128
DHI,2024-09-30,0.28472785790058247
DHI,2023-09-30,0.2898650805342762
DHI,2022-09-30,0.3481092942265684
DHI,2021-09-30,0.3664114191015119
DTE,2025-12-31,0.7723523101394592
DTE,2024-12-31,0.7603897965032961
DTE,2023-12-31,0.7529884929058206
DTE,2022-12-31,0.7563198463088349
DTE,2021-12-31,0.7806339535235026
DUK,2025-12-31,0.7291300527240774
DUK,2024-12-31,0.724937346720832
DUK,2023-12-31,0.7162861164658861
DUK,2022-12-31,0.7088316880608245
DUK,2021-12-31,0.6984674532835654
DD,2025-12-31,0.34632676709154114
DD,2024-12-31,0.3505568293481821
DD,2023-12-31,0.3586584353600332
DD,2022-12-31,0.3467053560633539
DD,2021-12-31,0.4081869297919356
ETN,2025-12-31,0.5280356839834186
ETN,2024-12-31,0.5172090357207993
ETN,2023-12-31,0.5038249375520399
ETN,2022-12-31,0.5123664819786371
ETN,2021-12-31,0.5165309900961002
EBAY,2025-12-31,0.7379329926178307
EBAY,2024-12-31,0.7336431706687323
EBAY,2023-12-31,0.7041628122109158
EBAY,2022-12-31,0.7528537170263789
EBAY,2021-12-31,0.6327649665740254
ECHO,2025-12-31,0.8648886452606224
ECHO,2024-12-31,0.6677771380272765
ECHO,2023-12-31,0.6429927009267593
ECHO,2022-12-31,0.41941389607328794
ECHO,2021-12-31,0.43524155677790194
ECL,2025-12-31,0.6029972101083968
ECL,2024-12-31,0.6074111793030132
ECL,2023-12-31,0.6305054333397416
ECL,2022-12-31,0.6618291768191835
ECL,2021-12-31,0.6579758940697148
EIX,2025-12-31,0.795173675366388
EIX,2024-12-31,0.7927061545472605
EIX,2023-12-31,0.7805230069228699
EIX,2022-12-31,0.775476992862726
EIX,2021-12-31,0.762004147434611
EW,2025-12-31,0.24527640685687585
EW,2024-12-31,0.22920959303884247
EW,2023-12-31,0.2823607313738893
EW,2022-12-31,0.2997648477539946
EW,2021-12-31,0.3136334768188554
ELV,2025-12-31,0.63762819563106
ELV,2024-12-31,0.6455953939207282
ELV,2023-12-31,0.6382472826086957
ELV,2022-12-31,0.64587630872222
ELV,2021-12-31,0.6293043299815309
EME,2025-12-31,0.6044749558166644
EME,2024-12-31,0.6191661656821711
EME,2023-12-31,0.6261846755710264
EME,2022-12-31,0.6426368427654673
EME,2021-12-31,0.5859392889316553
EMR,2025-09-30,0.5162996854446669
EMR,2024-09-30,0.3782714821678796
EMR,2023-09-30,0.3777663407102419
EMR,2022-09-30,0.5426104507737161
EMR,2021-09-30,0.5985029334412301
ETR,2025-12-31,0.760280956946744
ETR,2024-12-31,0.7622412966241474
ETR,2023-12-31,0.7493858473310295
ETR,2022-12-31,0.7732868214389812
ETR,2021-12-31,0.7994288784305752
EOG,2025-12-31,0.42406224058379505
EOG,2024-12-31,0.37797227991353366
EOG,2023-12-31,0.3595093143625875
EOG,2022-12-31,0.4010538783205627
EOG,2021-12-31,0.4199184015064337
EQT,2025-12-31,0.3453393992478239
EQT,2024-12-31,0.3904599405652813
EQT,2023-12-31,0.4154336676883752
EQT,2022-12-31,0.5053654784757569
EQT,2021-12-31,0.5350774003780558
EFX,2025-12-31,0.600630468131016
EFX,2024-12-31,0.5816453220402401
EFX,2023-12-31,0.6182817589576547
EFX,2022-12-31,0.655928783588358
EFX,2021-12-31,0.6738309376952966
EQIX,2025-12-31,0.6467950474577115
EQIX,2024-12-31,0.6137380647000142
EQIX,2023-12-31,0.6167466608091141
EQIX,2022-12-31,0.6204041458305442
EQIX,2021-12-31,0.610233829672143
ERIE,2025-12-31,0.31950918512129856
ERIE,2024-12-31,0.31203753772570514
ERIE,2023-12-31,0.32732232346425755
ERIE,2022-12-31,0.3532322135375734
ERIE,2021-12-31,0.4012293175418823
ESS,2025-12-31,0.564032899437944
ESS,2024-12-31,0.5551110632883329
ESS,2023-12-31,0.5448597479886425
ESS,2022-12-31,0.5213520187862106
ESS,2021-12-31,0.5221391992366751
EL,2026-06-30,0.8074081570691226
EL,2025-06-30,0.8057007842348682
EL,2024-06-30,0.7548553766665129
EL,2023-06-30,0.7259449071108264
EL,2022-06-30,0.6923959827833572
EG,2025-12-31,0.7526953962312442
EG,2024-12-31,0.7537317406506807
EG,2023-12-31,0.7327476264701714
EG,2022-12-31,0.7887954761547316
EG,2021-12-31,0.7344741428261773
EVRG,2025-12-31,0.697547756160066
EVRG,2024-12-31,0.69056535975045
EVRG,2023-12-31,0.687339594074141
EVRG,2022-12-31,0.6780830046897413
EVRG,2021-12-31,0.6759629038761592
P,2026-02-01,0.690717181054794
P,2025-02-02,0.6704101624090363
P,2024-02-04,0.6525773026675712
P,2023-02-05,0.7343745943230627
P,2022-02-06,0.7594066305937361
ES,2025-12-31,0.7460713878161863
ES,2024-12-31,0.7476381263118969
ES,2023-12-31,0.7451300158804954
ES,2022-12-31,0.709320000225433
ES,2021-12-31,0.6989235204778736
EXC,2025-12-31,0.7529553058248263
EXC,2024-12-31,0.7502319453722259
EXC,2023-12-31,0.7463711027514623
EXC,2022-12-31,0.7404901991630746
EXC,2021-12-31,0.7384090276890228
EXE,2025-12-31,0.34323187329868843
EXE,2024-12-31,0.3702946870294687
EXE,2023-12-31,0.2536867000556483
EXE,2022-12-31,0.4101370571502457
EXE,2021-12-31,0.4848760105368335
EXPE,2025-12-31,0.895836741370849
EXPE,2024-12-31,0.874977666607111
EXPE,2023-12-31,0.8712688291285463
EXPE,2022-12-31,0.827095218218079
EXPE,2021-12-31,0.8351587154260256
EXPD,2025-12-31,0.518130887491065
EXPD,2024-12-31,0.531853262769384
EXPD,2023-12-31,0.4713718019483139
EXPD,2022-12-31,0.4430602346794542
EXPD,2021-12-31,0.5403385498077578
EXR,2025-12-31,0.5105244162068362
EXR,2024-12-31,0.48490709522757375
EXR,2023-12-31,0.43859987204376183
EXR,2022-12-31,0.6648211976568976
EXR,2021-12-31,0.6385522637550305
FFIV,2025-09-30,0.43160004000321545
FFIV,2024-09-30,0.44247714770914115
FFIV,2023-09-30,0.4664530623342688
FFIV,2022-09-30,0.5320532186648178
FFIV,2021-09-30,0.527700469055166
FDS,2025-08-31,0.49203651627964035
FDS,2024-08-31,0.5283745659722222
FDS,2023-08-31,0.591228391575711
FDS,2022-08-31,0.6683341201029818
FDS,2021-08-31,0.5431998166242685
FICO,2025-09-30,1.9345073396808472
FICO,2024-09-30,1.5603864987391465
FICO,2023-09-30,1.4367411274559905
FICO,2022-09-30,1.5561221163994747
FICO,2021-09-30,1.0707639356642786
FAST,2025-12-31,0.21953729541451444
FAST,2024-12-31,0.2302469135802469
FAST,2023-12-31,0.24963588697931838
FAST,2022-12-31,0.3045772325550719
FAST,2021-12-31,0.29234705745522216
FRT,2025-12-31,0.6165975208258948
FRT,2024-12-31,0.598295881043882
FRT,2023-12-31,0.6176711418178508
FRT,2022-12-31,0.6098629449558544
FRT,2021-12-31,0.6225747541430955
FDX,2026-05-31,0.6801297795566876
FDX,2025-05-31,0.6796192954226437
FDX,2024-05-31,0.682991023710736
FDX,2023-05-31,0.7006299989672148
FDX,2022-05-31,0.7099913947484708
FDXF,2026-05-31,1.0721963974433468
FERG,2025-07-31,0.6710474364036325
FERG,2024-07-31,0.6611151339608979
FIS,2025-12-31,0.584866220735786
FIS,2024-12-31,0.5352829741889652
FIS,2023-12-31,0.6534071318392161
FIS,2022-12-31,0.566895287461677
FIS,2021-12-31,0.426848826132568
FITB,2025-12-31,0.8986640295555473
FITB,2024-12-31,0.9077383328558614
FITB,2023-12-31,0.9106508710281768
FITB,2022-12-31,0.9164770645739737
FITB,2021-12-31,0.8947971731180963
FSLR,2025-12-31,0.2840048763972913
FSLR,2024-12-31,0.34202082897399705
FSLR,2023-12-31,0.3548110144665789
FSLR,2022-12-31,0.2927046737770426
FSLR,2021-12-31,0.1961484787852187
FE,2025-12-31,0.7508943903835146
FE,2024-12-31,0.7363769118438245
FE,2023-12-31,0.7761601082699366
FE,2022-12-31,0.30931725514010583
FE,2021-12-31,0.3193564007747843
FISV,2025-12-31,0.6779229530904871
FISV,2024-12-31,0.6412615320825127
FISV,2023-12-31,0.6625701397293432
FISV,2022-12-31,0.6221726740511989
FISV,2021-12-31,0.5809781111883434
FLEX,2026-03-31,0.7668177697189483
FLEX,2025-03-31,0.727871171318209
FLEX,2024-03-31,0.7083310511036862
FLEX,2023-03-31,0.7333021734050011
FLEX,2022-03-31,0.7823027166882277
F,2025-12-31,0.875570618342786
F,2024-12-31,0.84271167898568
F,2023-12-31,0.8434085836595807
F,2022-12-31,0.8313024651795344
F,2021-12-31,0.8108351002781722
FTNT,2025-12-31,0.8808859199938398
FTNT,2024-12-31,0.846995319109709
FTNT,2023-12-31,1.0638388736585433
FTNT,2022-12-31,1.0452151573538857
FTNT,2021-12-31,0.8651146289131794
FTV,2025-12-31,0.4495429257861421
FTV,2024-12-31,0.4008262762912771
FTV,2023-12-31,0.38946179590581725
FTV,2022-12-31,0.3902936327136798
FTV,2021-12-31,0.4220035832498254
FOXA,2026-06-30,0.4783382261364647
FOXA,2025-06-30,0.47975856865703814
FOXA,2024-06-30,0.5078281449117058
FOXA,2023-06-30,0.5223177535900485
FOXA,2022-06-30,0.48726617083615054
FOX,2026-06-30,0.4783382261364647
FOX,2025-06-30,0.47975856865703814
FOX,2024-06-30,0.5078281449117058
FOX,2023-06-30,0.5223177535900485
FOX,2022-06-30,0.48726617083615054
BEN,2025-09-30,0.56164518989258
BEN,2024-09-30,0.5513622572348257
BEN,2023-09-30,0.5493572633228424
BEN,2022-09-30,0.5073269994226781
BEN,2021-09-30,0.4727164396484666
FCX,2025-12-31,0.4710746643285712
FCX,2024-12-31,0.47531359393232203
FCX,2023-12-31,0.4798689673561117
FCX,2022-12-31,0.5132209891765995
FCX,2021-12-31,0.5206571987838907
GRMN,2025-12-27,0.18384262797069842
GRMN,2024-12-28,0.1850499977830912
GRMN,2023-12-30,0.18498241834289933
GRMN,2022-12-31,0.19749015996285169
GRMN,2021-12-25,0.22156523957762927
IT,2025-12-31,0.9604338684542508
IT,2024-12-31,0.8407473469100332
IT,2023-12-31,0.9131392246397646
IT,2022-12-31,0.9687936659627143
IT,2021-12-31,0.9499673962464423
GE,2025-12-31,0.8548195038757308
GE,2024-12-31,0.8411239239889556
GE,2023-12-31,0.8247171026403753
GE,2022-12-31,0.7998700662449145
GE,2021-12-31,0.7907619900037209
GEHC,2025-12-31,0.7128109250528369
GEHC,2024-12-31,0.7385233763486355
GEHC,2023-12-31,0.7747581191840759
GEHC,2022-12-31,
GEV,2025-12-31,0.8048749523930431
GEV,2024-12-31,0.7942507526464019
GEN,2026-04-03,0.8325101032779524
GEN,2025-03-28,0.8535656663439819
GEN,2024-03-29,0.8607025107785949
GEN,2023-03-31,0.8620430174954536
GEN,2022-04-01,1.013394786115512
GNRC,2025-12-31,0.5265163279047824
GNRC,2024-12-31,0.5111996071501338
GNRC,2023-12-31,0.5386854369023535
GNRC,2022-12-31,0.5415913686956205
GNRC,2021-12-31,0.5341862486623012
GD,2025-12-31,0.5524463309402784
GD,2024-12-31,0.6051717967072298
GD,2023-12-31,0.611403028644408
GD,2022-12-31,0.6400504022487157
GD,2021-12-31,0.6476943662253111
GIS,2026-05-31,0.754116874939617
GIS,2025-05-25,0.7214728267278682
GIS,2024-05-26,0.6934054445676663
GIS,2023-05-28,0.6597958138987717
GIS,2022-05-29,0.6530085139642523
GM,2025-12-31,0.7754298147068444
GM,2024-12-31,0.765549880076208
GM,2023-12-31,0.7498498520493364
GM,2022-12-31,0.7262315508811266
GM,2021-12-31,0.731057788965258
GPC,2025-12-31,0.7864752249761247
GPC,2024-12-31,0.7743132511750815
GPC,2023-12-31,0.7541811332238155
GPC,2022-12-31,0.7693628621688535
GPC,2021-12-31,0.7559040480620888
GILD,2025-12-31,0.6167934533995222
GILD,2024-12-31,0.6737689634714806
GILD,2023-12-31,0.6338189134808853
GILD,2022-12-31,0.6642604992797327
GILD,2021-12-31,0.6900164822227455
GPN,2025-12-31,0.5541777865302658
GPN,2024-12-31,0.5091396495924366
GPN,2023-12-31,0.5296138519245311
GPN,2022-12-31,0.4969715245240612
GPN,2021-12-31,0.42867533193065954
GL,2025-12-31,0.8061063568753787
GL,2024-12-31,0.8175303696176606
GL,2023-12-31,0.8400512215051325
GL,2022-12-31,0.8082848213460236
GL,2021-12-31,0.7096616479521936
GDDY,2025-12-31,0.9732292872344398
GDDY,2024-12-31,0.9159603662238628
GDDY,2023-12-31,0.9917778159658422
GDDY,2022-12-31,1.0472216247221624
GDDY,2021-12-31,0.9887826778660124
GS,2025-12-31,0.9309287467114717
GS,2024-12-31,0.9272088077843783
GS,2023-12-31,0.9287856802595527
GS,2022-12-31,0.9187202931892726
GS,2021-12-31,0.9249133189616309
HAL,2025-12-31,0.5799680127948821
HAL,2024-12-31,0.5877594090749209
HAL,2023-12-31,0.6178341368553255
HAL,2022-12-31,0.6569769941947968
HAL,2021-12-31,0.6985798127324044
HIG,2025-12-31,0.7793062548693559
HIG,2024-12-31,0.7967423409172362
HIG,2023-12-31,0.8003777025266997
HIG,2022-12-31,0.8133302292459806
HIG,2021-12-31,0.7669957429026614
HAS,2025-12-28,0.8981448126801153
HAS,2024-12-29,0.813100326482974
HAS,2023-12-31,0.8338149184363008
HAS,2022-12-25,0.6921330909325617
HAS,2021-12-26,0.6924624917810676
HCA,2025-12-31,1.0456357048748353
HCA,2024-12-31,0.9906743064540521
HCA,2023-12-31,0.9811424810090552
HCA,2022-12-31,1.0013921202181624
HCA,2021-12-31,0.9706554727838871
DOC,2025-12-31,0.5917366418538772
DOC,2024-12-31,0.5457163126863409
DOC,2023-12-31,0.558893167333913
DOC,2022-12-31,0.5378751395975545
DOC,2021-12-31,0.5316339438934994
HSIC,2025-12-27,0.5725367810967454
HSIC,2024-12-28,0.5266196907418281
HSIC,2023-12-30,0.5126265014659983
HSIC,2022-12-31,0.45730219588706866
HSIC,2021-12-25,0.4485964128907472
HSY,2025-12-31,0.6625682422845529
HSY,2024-12-31,0.6358457853220174
HSY,2023-12-31,0.6556241016400904
HSY,2022-12-31,0.6986393054228675
HSY,2021-12-31,0.7351932549325885
HPE,2025-10-31,0.6738861223091719
HPE,2024-10-31,0.6508658190901182
HPE,2023-10-31,0.6284009588298077
HPE,2022-10-31,0.6514713863067416
HPE,2021-10-31,0.6530789095131632
HLT,2025-12-31,1.3187075235483485
HLT,2024-12-31,1.2232780535044183
HLT,2023-12-31,1.152392701772612
HLT,2022-12-31,1.0707839092315627
HLT,2021-12-31,1.0530406061783564
HD,2026-02-01,0.8780817355725772
HD,2025-02-02,0.9309189650329279
HD,2024-01-28,0.986358290866327
HD,2023-01-29,0.9795670089606907
HD,2022-01-30,1.0235961934442652
HON,2025-12-31,0.7960125405464096
HON,2024-12-31,0.7452790042023512
HON,2023-12-31,0.7328890694839496
HON,2022-12-31,0.7218948213568848
HON,2021-12-31,0.7015355979525361
HRL,2025-10-26,0.4089640359351694
HRL,2024-10-27,0.40422981364194244
HRL,2023-10-29,0.4245582421949008
HRL,2022-10-30,0.43336102068405163
HRL,2021-10-31,0.4503639595350751
HST,2025-12-31,0.48409839834470075
HST,2024-12-31,0.48061005518087063
HST,2023-12-31,0.44245691415502736
HST,2022-12-31,0.4393186078735023
HST,2021-12-31,0.467940414507772
HWM,2025-12-31,0.521155738438143
HWM,2024-12-31,0.5670691130335583
HWM,2023-12-31,0.6128691983122363
HWM,2022-12-31,0.6488542174549
HWM,2021-12-31,0.656717878461689
HPQ,2025-10-31,1.0082836553424788
HPQ,2024-10-31,1.033150417199128
HPQ,2023-10-31,1.0288887687817534
HPQ,2022-10-31,1.0756213232435794
HPQ,2021-10-31,1.0427350427350428
HUBB,2025-12-31,0.531171009138635
HUBB,2024-12-31,0.5085116258178497
HUBB,2023-12-31,0.5821087648249927
HUBB,2022-12-31,0.5612112686484285
HUBB,2021-12-31,0.5757455268389662
HUM,2025-12-31,0.6373469095667464
HUM,2024-12-31,0.6461842982852471
HUM,2023-12-31,0.6532880059492192
HUM,2022-12-31,0.643014748577401
HUM,2021-12-31,0.636976419135218
HBAN,2025-12-31,0.8916999102644976
HBAN,2024-12-31,0.9031386182245508
HBAN,2023-12-31,0.8975645304380888
HBAN,2022-12-31,0.9028517380512394
HBAN,2021-12-31,0.8890178325213715
HII,2025-12-31,0.6020864381520119
HII,2024-12-31,0.6156823984844741
HII,2023-12-31,0.6350423539901917
HII,2022-12-31,0.6786405084277425
HII,2021-12-31,0.7357673849628306
IBM,2025-12-31,0.7844284961811957
IBM,2024-12-31,0.8003134681975579
IBM,2023-12-31,0.83279478856264
IBM,2022-12-31,0.8269374346722413
IBM,2021-12-31,0.8560919993030356
IEX,2025-12-31,0.4187671430633752
IEX,2024-12-31,0.43751945799297287
IEX,2023-12-31,0.3962354224919866
IEX,2022-12-31,0.44853861644804877
IEX,2021-12-31,0.42993980313999836
IDXX,2025-12-31,0.5208897446817273
IDXX,2024-12-31,0.5156093486360627
IDXX,2023-12-31,0.5446122226738345
IDXX,2022-12-31,0.778380385653669
IDXX,2021-12-31,0.716891863336784
ITW,2025-12-31,0.8002229378251177
ITW,2024-12-31,0.7798500033185106
ITW,2023-12-31,0.8058383812346952
ITW,2022-12-31,0.7997017248087148
ITW,2021-12-31,0.7744604092803383
ILMN,2025-12-28,0.5901565322095124
ILMN,2024-12-29,0.6235126130414088
ILMN,2023-12-31,0.43180694293343885
ILMN,2023-01-01,0.46139405811296114
ILMN,2022-01-02,0.2942104225537228
INCY,2025-12-31,0.25732997239282185
INCY,2024-12-31,0.36674796237254154
INCY,2023-12-31,0.23477512224445884
INCY,2022-12-31,0.2518180155946327
INCY,2021-12-31,0.23581289151878884
IR,2025-12-31,0.44505170189974425
IR,2024-12-31,0.43112638674499437
IR,2023-12-31,0.3673209753590131
IR,2022-12-31,0.37306903067202135
IR,2021-12-31,0.4014187205120591
PODD,2025-12-31,0.5250752256770311
PODD,2024-12-31,0.6076043657091038
PODD,2023-12-31,0.7169075032841357
PODD,2022-12-31,0.7883701301585891
PODD,2021-12-31,0.7284752049980476
INTC,2025-12-27,0.40235256279885917
INTC,2024-12-28,0.46544519937908746
INTC,2023-12-30,0.4259860522414549
INTC,2022-12-31,0.43281549452782214
INTC,2021-12-25,0.43356531239979573
IBKR,2025-12-31,0.899271796890376
IBKR,2024-12-31,0.8894579797791424
IBKR,2023-12-31,0.8904635462495036
IBKR,2022-12-31,0.899125435328244
IBKR,2021-12-31,0.9063173040792573
ICE,2025-12-31,0.7882121750056617
ICE,2024-12-31,0.8011877097856959
ICE,2023-12-31,0.8105140942359131
ICE,2022-12-31,0.8828793133612572
ICE,2021-12-31,0.8824404915711466
IFF,2025-12-31,0.44453580797995224
IFF,2024-12-31,0.5147382007185963
IFF,2023-12-31,0.5273419846342565
IFF,2022-12-31,0.498037111305674
IFF,2021-12-31,0.46487467850118513
IP,2025-12-31,0.6094457907491307
IP,2024-12-31,0.6415350877192982
IP,2023-12-31,0.640815098233094
IP,2022-12-31,0.6450710108604846
IP,2021-12-31,0.6402170898863051
INTU,2026-07-31,0.4837166313271353
INTU,2025-07-31,0.46669192055847175
INTU,2024-07-31,0.42624175276982446
INTU,2023-07-31,0.3783657307415407
INTU,2022-07-31,0.40718973101608136
ISRG,2025-12-31,0.1230283449095006
ISRG,2024-12-31,0.11810149814332664
ISRG,2023-12-31,0.13238351196451123
ISRG,2022-12-31,0.14347155850161863
ISRG,2021-12-31,0.1182958317963851
IVZ,2025-12-31,0.52000811987894
IVZ,2024-12-31,0.4198653036591642
IVZ,2023-12-31,0.44991670641256937
IVZ,2022-12-31,0.4340050005376922
IVZ,2021-12-31,0.4897202437770761
INVH,2025-12-31,0.48780816571905466
INVH,2024-12-31,0.47636304699156745
INVH,2023-12-31,0.4698271424117215
INVH,2022-12-31,0.4430709595252836
INVH,2021-12-31,0.46925851040083083
IQV,2025-12-31,0.7785866951643067
IQV,2024-12-31,0.7744525818803673
IQV,2023-12-31,0.7709231288182602
IQV,2022-12-31,0.7724671429135257
IQV,2021-12-31,0.7552756288225525
IRM,2025-12-31,1.033577768616445
IRM,2024-12-31,1.0162778291419376
IRM,2023-12-31,0.9878805425401982
IRM,2022-12-31,0.9605469193855908
IRM,2021-12-31,0.9406874628850277
JBHT,2025-12-31,0.5502692958570887
JBHT,2024-12-31,0.5170386669345437
JBHT,2023-12-31,0.5193683490547254
JBHT,2022-12-31,0.5290914550183893
JBHT,2021-12-31,0.5411162336695147
JBL,2025-08-31,0.9181901526182387
JBL,2024-08-31,0.8998904962250014
JBL,2023-08-31,0.8523990939044481
JBL,2022-08-31,0.8756403103920475
JBL,2021-08-31,0.8716824786837997
JKHY,2026-06-30,0.34769945490860416
JKHY,2025-06-30,0.2999825885274822
JKHY,2024-06-30,0.3700201847780854
JKHY,2023-06-30,0.4201114273209639
JKHY,2022-06-30,0.4373500344523702
J,2025-09-26,0.585284649192382
J,2024-09-27,0.6115910317241977
J,2023-09-29,0.5484687156673731
J,2022-09-30,0.583614083608388
J,2021-10-01,0.5916765766105005
JNJ,2025-12-28,0.5906631193213192
JNJ,2024-12-29,0.6030626748989473
JNJ,2023-12-31,0.5895510808197758
JNJ,2023-01-01,0.5901119661859984
JNJ,2022-01-02,0.5933204408355217
JCI,2025-09-30,0.6585571575423707
JCI,2024-09-30,0.5933715891790607
JCI,2023-09-30,0.5811277875100611
JCI,2022-09-30,0.5872195075667727
JCI,2021-09-30,0.552327524468847
JPM,2025-12-31,0.9180912562995774
JPM,2024-12-31,0.9138710916869982
JPM,2023-12-31,0.9153949031749812
JPM,2022-12-31,0.9202530019153007
JPM,2021-12-31,0.9214313514356762
KVUE,2025-12-28,0.6024154232530654
KVUE,2024-12-29,0.6223585016210305
KVUE,2023-12-31,0.5974650820437327
KDP,2025-12-31,0.539912367695054
KDP,2024-12-31,0.5462661426165076
KDP,2023-12-31,0.5074621139459045
KDP,2022-12-31,0.5153075988193762
KDP,2021-12-31,0.5064627060358117
KEY,2025-12-31,0.88946258020078
KEY,2024-12-31,0.9028893828004787
KEY,2023-12-31,0.9222598137889644
KEY,2022-12-31,0.929119712559203
KEY,2021-12-31,0.9065018835928863
KEYS,2025-10-31,0.47960357490487565
KEYS,2024-10-31,0.4492394001510411
KEYS,2023-10-31,0.4640101347460555
KEYS,2022-10-31,0.4861694245492714
KEYS,2021-10-31,0.5136871867369233
KMB,2025-12-31,0.9046672125394783
KMB,2024-12-31,0.9410733712075426
KMB,2023-12-31,0.9384225092250923
KMB,2022-12-31,0.9610461880912632
KMB,2021-12-31,0.958681392610865
KIM,2025-12-31,0.4632393432631138
KIM,2024-12-31,0.4659850055362174
KIM,2023-12-31,0.46778355635119623
KIM,2022-12-31,0.45361969361591936
KIM,2021-12-31,0.45156547692020654
KMI,2025-12-31,0.5539533732886127
KMI,2024-12-31,0.5537272256221378
KMI,2023-12-31,0.5532385243593354
KMI,2022-12-31,0.5417392048859841
KMI,2021-12-31,0.5466797318791183
KKR,2025-12-31,0.8009677170221298
KKR,2024-12-31,0.8278678328635201
KKR,2023-12-31,0.8160101473523969
KKR,2022-12-31,
KKR,2021-12-31,
KLAC,2026-06-30,0.6462798306662912
KLAC,2025-06-30,0.7079615004450481
KLAC,2024-06-30,0.7817530958172596
KLAC,2023-06-30,0.7925185525068758
KLAC,2022-06-30,0.8889354428579049
KHC,2025-12-27,0.4890445797569266
KHC,2024-12-28,0.4413107252483378
KHC,2023-12-30,0.44960648225019095
KHC,2022-12-31,0.4600775579198568
KHC,2021-12-25,0.47050131700109216
KR,2026-01-31,0.8811682982003083
KR,2025-02-01,0.8426144138665045
KR,2024-02-03,0.7702999702999703
KR,2023-01-28,0.7981984160570703
KR,2022-01-29,0.8079085686346412
LHX,2026-01-02,0.5233644859813084
LHX,2025-01-03,0.533844432275422
LHX,2023-12-29,0.5483244176841702
LHX,2022-12-30,0.4444577019448753
LHX,2021-12-31,0.4434008470425538
LH,2025-12-31,0.530427832781484
LH,2024-12-31,0.5611023450677404
LH,2023-12-31,0.5282240464929956
LH,2022-12-31,0.49811710187495967
LH,2021-12-31,0.4950307573066999
LRCX,2026-06-28,0.4699933186690564
LRCX,2025-06-29,0.5379948991017209
LRCX,2024-06-30,0.5444343604239016
LRCX,2023-06-25,0.5628618859383069
LRCX,2022-06-26,0.6348859989560139
LVS,2025-12-31,0.9117700729927007
LVS,2024-12-31,0.847091841672312
LVS,2023-12-31,0.8115529433373129
LVS,2022-12-31,0.8341122555469849
LVS,2021-12-31,0.8879306047160875
LDOS,2026-01-02,0.632253761209516
LDOS,2025-01-03,0.6596459096459096
LDOS,2023-12-29,0.664592359196534
LDOS,2022-12-30,0.6669726876291026
LDOS,2021-12-31,0.6724228942010406
LEN,2025-11-30,0.35694661673913697
LEN,2024-11-30,0.32172987821855903
LEN,2023-11-30,0.31942295495857287
LEN,2022-11-30,0.36183185708725146
LEN,2021-11-30,0.36772999385866767
LII,2025-12-31,0.7150521828605028
LII,2024-12-31,0.7551126216947981
LII,2023-12-31,0.898045241753922
LII,2022-12-31,1.0791011060912914
LII,2021-12-31,1.1238546894424237
LLY,2025-12-31,0.7640830043742665
LLY,2024-12-31,0.8186925220002821
LLY,2023-12-31,0.830271395159539
LLY,2022-12-31,0.7822702859983269
LLY,2021-12-31,0.8124247018809163
LIN,2025-12-31,0.5422440305470126
LIN,2024-12-31,0.5073053264626249
LIN,2023-12-31,0.4914677457276856
LIN,2022-12-31,0.48044138692912197
LIN,2021-12-31,0.44315912015195147
LYV,2025-12-31,0.9609656863341998
LYV,2024-12-31,0.9582971358034573
LYV,2023-12-31,0.9692169647287715
LYV,2022-12-31,0.9943018099743507
LYV,2021-12-31,1.0130849770155055
LMT,2025-12-31,0.8876838235294118
LMT,2024-12-31,0.8861319380764874
LMT,2023-12-31,0.8697003202684155
LMT,2022-12-31,0.8247730711043872
LMT,2021-12-31,0.7845812120378197
L,2025-12-31,0.7725367119099458
L,2024-12-31,0.7811039381033157
L,2023-12-31,0.7913431064307992
L,2022-12-31,0.7949770842715977
L,2021-12-31,0.7650871045990248
LOW,2026-01-30,1.1831597222222223
LOW,2025-01-31,1.3301702937218691
LOW,2024-02-02,1.3600909199665032
LOW,2023-02-03,1.3261187883225038
LOW,2022-01-28,1.1078853046594983
LULU,2026-02-01,0.41326820502881545
LULU,2025-02-02,0.431292787387358
LULU,2024-01-28,0.4032549058149243
LULU,2023-01-29,0.4384202496933318
LULU,2022-01-30,0.4456129091520488
LITE,2026-06-27,0.36450222374273006
LITE,2025-06-28,0.7310308862919856
LITE,2024-06-29,0.7565299219206999
LITE,2023-07-01,0.7073033829148766
LITE,2022-07-02,0.5495170823122387
LYB,2025-12-31,0.7031732494191689
LYB,2024-12-31,0.6510378783640127
LYB,2023-12-31,0.6501621621621622
LYB,2022-12-31,0.6527155231678812
LYB,2021-12-31,0.676882042349355
MTB,2025-12-31,0.8633459791110487
MTB,2024-12-31,0.860517527209822
MTB,2023-12-31,0.8705633234740522
MTB,2022-12-31,0.8738703230477824
MTB,2021-12-31,0.8845739616404555
MPC,2025-12-31,0.7131082127330117
MPC,2024-12-31,0.6892388850845824
MPC,2023-12-31,0.6348401502552712
MPC,2022-12-31,0.6097281544758854
MPC,2021-12-31,0.6066554999824301
MAR,2025-12-31,1.1369281045751634
MAR,2024-12-31,1.11427698418761
MAR,2023-12-31,1.0265638389031706
MAR,2022-12-31,0.9771106185774733
MAR,2021-12-31,0.9446640316205533
MRSH,2025-12-31,0.7391415431783341
MRSH,2024-12-31,0.7603618916095678
MRSH,2023-12-31,0.74245263377056
MRSH,2022-12-31,0.6786931308662641
MRSH,2021-12-31,0.6736652320576946
MLM,2025-12-31,0.4637379081823526
MLM,2024-12-31,0.47958172812328015
MLM,2023-12-31,0.46871714854313085
MLM,2022-12-31,0.5216092199338385
MLM,2021-12-31,0.5457791982213576
MRVL,2026-01-31,0.35794447460882284
MRVL,2025-02-01,0.33544507411715213
MRVL,2024-02-03,0.3013448901241256
MRVL,2023-01-28,0.30569529484373126
MRVL,2022-01-29,0.2897741543708088
MAS,2025-12-31,0.9853874254950971
MAS,2024-12-31,1.0105661881977672
MAS,2023-12-31,0.9783703151221331
MAS,2022-12-31,1.0466550992866783
MAS,2021-12-31,0.9860089686098654
MA,2025-12-31,0.8569713979725613
MA,2024-12-31,0.8644994904432104
MA,2023-12-31,0.8351630229928383
MA,2022-12-31,0.8353217642805495
MA,2021-12-31,0.8032334280177335
MKC,2025-11-30,0.5630359686070119
MKC,2024-11-30,0.5932151519092905
MKC,2023-11-30,0.6047751957270473
MKC,2022-11-30,0.6419629863846582
MKC,2021-11-30,0.6570921601140572
MCD,2025-12-31,1.0300932538015626
MCD,2024-12-31,1.0688086694936754
MCD,2023-12-31,1.0838284639552032
MCD,2022-12-31,1.1190310019113483
MCD,2021-12-31,1.0854342178804663
MCK,2026-03-31,1.021585705088493
MCK,2025-03-31,1.0225445834442375
MCK,2024-03-31,1.0237089097460077
MCK,2023-03-31,1.0239088575096278
MCK,2022-03-31,1.0283105311384246
MDT,2026-04-24,0.46175345057402073
MDT,2025-04-25,0.4736474694589878
MDT,2024-04-26,0.4396594836687745
MDT,2023-04-28,0.4319281347583234
MDT,2022-04-29,0.4205273628559809
MRK,2025-12-31,0.6152294945421068
MRK,2024-12-31,0.6040168736016942
MRK,2023-12-31,0.6471994375439418
MRK,2022-12-31,0.5780688897031879
MRK,2021-12-31,0.638040002270706
META,2025-12-31,0.4064739454840023
META,2024-12-31,0.33840118237736094
META,2023-12-31,0.33295880639134584
META,2022-12-31,0.3231301857026711
META,2021-12-31,0.24765794911649708
MET,2025-12-31,0.961188513700303
MET,2024-12-31,0.9591073677000902
MET,2023-12-31,0.956001012239959
MET,2022-12-31,0.9590660820178485
MET,2021-12-31,0.910822315942441
MTD,2025-12-31,1.0063663489597445
MTD,2024-12-31,1.039163592334442
MTD,2023-12-31,1.0446835173317082
MTD,2022-12-31,0.9929008602978758
MTD,2021-12-31,0.9484726755276395
MGM,2025-12-31,0.9208117429717454
MGM,2024-12-31,0.9119153993285648
MGM,2023-12-31,0.8977037164455105
MGM,2022-12-31,0.8859734852810565
MGM,2021-12-31,0.7316136123822334
MCHP,2026-03-31,0.552376114292872
MCHP,2025-03-31,0.5396107866220909
MCHP,2024-03-31,0.5805634654638007
MCHP,2023-03-31,0.6021086968473394
MCHP,2022-03-31,0.6361122256859779
MU,2025-08-28,0.3458175318244402
MU,2024-08-29,0.3498472974530368
MU,2023-08-31,0.3133501416254241
MU,2022-09-01,0.24706184089434696
MU,2021-09-02,0.25346225084538393
MSFT,2026-06-30,0.41666534805953775
MSFT,2025-06-30,0.44510931287893596
MSFT,2024-06-30,0.47579774407756903
MSFT,2023-06-30,0.499429578422044
MSFT,2022-06-30,0.5435204473193729
MAA,2025-12-31,0.5123625691136559
MAA,2024-12-31,0.4795570642942157
MAA,2023-12-31,0.45151113635479045
MAA,2022-12-31,0.447528881570549
MAA,2021-12-31,0.4520166356200547
MRNA,2025-12-31,0.2989139244610147
MRNA,2024-12-31,0.22917550558619715
MRNA,2023-12-31,0.24812764571800716
MRNA,2022-12-31,0.26046097919405986
MRNA,2021-12-31,0.426608293810045
MDLZ,2025-12-31,0.6378222613901828
MDLZ,2024-12-31,0.6064353183351096
MDLZ,2023-12-31,0.6026670028434957
MDLZ,2022-12-31,0.6217028990598783
MDLZ,2021-12-31,0.5778483276694688
MPWR,2025-12-31,0.15800442468275827
MPWR,2024-12-31,0.1303061543552744
MPWR,2023-12-31,0.157912184469549
MPWR,2022-12-31,0.18956036884041605
MPWR,2021-12-31,0.2155597244336544
MNST,2025-12-31,0.17367569848467482
MNST,2024-12-31,0.2281837921547478
MNST,2023-12-31,0.15049550292664385
MNST,2022-12-31,0.15290581754361002
MNST,2021-12-31,0.15859926424613416
MCO,2025-12-31,0.7343651295009476
MCO,2024-12-31,0.7596259271202838
MCO,2023-12-31,0.7622760224319518
MCO,2022-12-31,0.8126001811972959
MCO,2021-12-31,0.8013623978201635
MS,2025-12-31,0.9206826870947074
MS,2024-12-31,0.913233053870926
MS,2023-12-31,0.9162414456648401
MS,2022-12-31,0.9142278079460716
MS,2021-12-31,0.9102816166445031
MOS,2025-12-31,0.5002389696120523
MOS,2024-12-31,0.49333885883789913
MOS,2023-12-31,0.4602132610885346
MOS,2022-12-31,0.4785683742409989
MOS,2021-12-31,0.512238841190031
MSI,2025-12-31,0.8748259322296147
MSI,2024-12-31,0.8822199383350462
MSI,2023-12-31,0.9445860827834434
MSI,2022-12-31,0.9897768066177618
MSI,2021-12-31,1.0018869472475183
MSCI,2025-12-31,1.4655079501667614
MSCI,2024-12-31,1.1726209769313365
MSCI,2023-12-31,1.1340584706768615
MSCI,2022-12-31,1.2016844304241991
MSCI,2021-12-31,1.0296850946927771
NDAQ,2025-12-31,0.6060928090683669
NDAQ,2024-12-31,0.6315183418325383
NDAQ,2023-12-31,0.6647364835573172
NDAQ,2022-12-31,0.7046195131301515
NDAQ,2021-12-31,0.6815809097688292
NTAP,2026-04-24,0.8742553983618764
NTAP,2025-04-25,0.903908343342881
NTAP,2024-04-26,0.8840902194801254
NTAP,2023-04-28,0.8819515176206967
NTAP,2022-04-29,0.9164173149810493
NFLX,2025-12-31,0.5212782820826299
NFLX,2024-12-31,0.5386277373340712
NFLX,2023-12-31,0.5775195686644617
NFLX,2022-12-31,0.5724354317320746
NFLX,2021-12-31,0.6445134507352899
NEM,2025-12-31,0.4040370441693948
NEM,2024-12-31,0.4656693109017019
NEM,2023-12-31,0.47384066587395957
NEM,2022-12-31,0.4924120367964243
NEM,2021-12-31,0.46107385859382705
NWSA,2026-06-30,0.4058157488419969
NWSA,2025-06-30,0.3944143446852425
NWSA,2024-06-30,0.45990170222968113
NWSA,2023-06-30,0.4713669404881508
NWSA,2022-06-30,0.4690784507287614
NWS,2026-06-30,0.4058157488419969
NWS,2025-06-30,0.3944143446852425
NWS,2024-06-30,0.45990170222968113
NWS,2023-06-30,0.4713669404881508
NWS,2022-06-30,0.4690784507287614
NEE,2025-12-31,0.687482665087133
NEE,2024-12-31,0.6799215331538203
NEE,2023-12-31,0.6674498137912772
NEE,2022-12-31,0.6889546040834303
NEE,2021-12-31,0.6759041103667537
NKE,2026-05-31,0.6129914084873731
NKE,2025-05-31,0.6387818147024249
NKE,2024-05-31,0.6213592233009708
NKE,2023-05-31,0.6268684554101942
NKE,2022-05-31,0.6210163438406786
NI,2025-12-31,0.2437623226720433
NI,2024-12-31,0.2845498787282033
NI,2023-12-31,0.3180917199747725
NI,2022-12-31,0.34825669681260896
NI,2021-12-31,0.31877434604605726
NDSN,2025-10-31,0.48568180677532297
NDSN,2024-10-31,0.5113800011531476
NDSN,2023-10-31,0.5052982137450802
NDSN,2022-10-31,0.3994372280208095
NDSN,2021-10-31,0.4304531225723504
NSC,2025-12-31,0.6563135555752055
NSC,2024-12-31,0.6724966805549196
NSC,2023-12-31,0.6931479880918083
NSC,2022-12-31,0.6725472547254725
NSC,2021-12-31,0.6456238796664329
NTRS,2025-12-31,0.9268463699813756
NTRS,2024-12-31,0.91776392786499
NTRS,2023-12-31,0.9210926158170246
NTRS,2022-12-31,0.9273752601803315
NTRS,2021-12-31,0.9346521666780866
NOC,2025-12-31,0.6754578897171887
NOC,2024-12-31,0.6902287323487105
NOC,2023-12-31,0.682128738398075
NOC,2022-12-31,0.6500514226945492
NOC,2021-12-31,0.6964231193780972
NCLH,2025-12-31,0.9019631477209424
NCLH,2024-12-31,0.9286203059207722
NCLH,2023-12-31,0.9845684525565345
NCLH,2022-12-31,0.9963039050002657
NCLH,2021-12-31,0.8701189978321755
NRG,2025-12-31,0.9423129718599863
NRG,2024-12-31,0.8968445591541088
NRG,2023-12-31,0.8883938858591289
NRG,2022-12-31,0.8686612228093049
NRG,2021-12-31,0.8447071003364679
NUE,2025-12-31,0.3697584320875114
NUE,2024-12-31,0.36897466116676486
NUE,2023-12-31,0.3739829763014948
NUE,2022-12-31,0.3974636082589447
NUE,2021-12-31,0.43446720823920565
NVDA,2026-01-25,0.23940658501085574
NVDA,2025-01-26,0.28919095707027714
NVDA,2024-01-28,0.346123417721519
NVDA,2023-01-29,0.46333349521635664
NVDA,2022-01-30,0.3977414171588929
NVR,2025-12-31,0.34012033608050635
NVR,2024-12-31,0.3402162799867356
NVR,2023-12-31,0.3388540353727046
NVR,2022-12-31,0.38052186435088103
NVR,2021-12-31,0.4854073417059804
NXPI,2025-12-31,0.6065135542168675
NXPI,2024-12-31,0.6091449661677261
NXPI,2023-12-31,0.6320781833860305
NXPI,2022-12-31,0.6668961955586159
NXPI,2021-12-31,0.6755176380368099
ORLY,2025-12-31,1.0461567494462687
ORLY,2024-12-31,1.0920494723253211
ORLY,2023-12-31,1.1253714861138493
ORLY,2022-12-31,1.084000139689811
ORLY,2021-12-31,1.00566811679821
OXY,2025-12-31,0.5652721355094671
OXY,2024-12-31,0.5964655626426356
OXY,2023-12-31,0.589922711058264
OXY,2022-12-31,0.5856574253880373
OXY,2021-12-31,0.7291033637187483
ODFL,2025-12-31,0.21189563010953977
ODFL,2024-12-31,0.2270474078080342
ODFL,2023-12-31,0.22759298910654593
ODFL,2022-12-31,0.2450482679943207
ODFL,2021-12-31,0.23679904196663973
OMC,2025-12-31,0.7667383989429444
OMC,2024-12-31,0.8397775879705747
OMC,2023-12-31,0.8493435456380194
OMC,2022-12-31,0.8601462827515971
OMC,2021-12-31,0.8672251581532485
ON,2025-12-31,0.3858321156809671
ON,2024-12-31,0.37440559837613024
ON,2023-12-31,0.4097251649615594
ON,2022-12-31,0.48182159702800853
ON,2021-12-31,0.5216704757947226
OKE,2025-12-31,0.6613346138263231
OKE,2024-12-31,0.6545443194056408
OKE,2023-12-31,0.6276148737179776
OKE,2022-12-31,0.7336289445374795
OKE,2021-12-31,0.745353418498559
ORCL,2026-05-31,0.8355128190434713
ORCL,2025-05-31,0.8754521534084497
ORCL,2024-05-31,0.9344640222449211
ORCL,2023-05-31,0.9884212406238838
ORCL,2022-05-31,1.0527736351409462
OTIS,2025-12-31,1.494790199943678
OTIS,2024-12-31,1.4178154825026512
OTIS,2023-12-31,1.4665414648611248
OTIS,2022-12-31,1.4749974539158774
OTIS,2021-12-31,1.2430165322909033
PCAR,2025-12-31,0.5655017795841772
PCAR,2024-12-31,0.5967907984771609
PCAR,2023-12-31,0.6110368073212912
PCAR,2022-12-31,0.6043004613003561
PCAR,2021-12-31,0.6096676984611814
PKG,2025-12-31,0.5713020372010629
PKG,2024-12-31,0.5014264366254585
PKG,2023-12-31,0.5395399200562141
PKG,2022-12-31,0.5418301306879232
PKG,2021-12-31,0.5397100857492855
PLTR,2025-12-31,0.1586875049997798
PLTR,2024-12-31,0.1965777957773711
PLTR,2023-12-31,0.21259832943608795
PLTR,2022-12-31,0.23656326535093358
PLTR,2021-12-31,0.2945141572618516
PANW,2026-07-31,0.4326867519603797
PANW,2025-07-31,0.6681229375387043
PANW,2024-07-31,0.7413973357877834
PANW,2023-07-31,0.8794298363572418
PANW,2022-07-31,0.9828621792779265
PH,2026-06-30,0.5008258574343363
PH,2025-06-30,0.5358038923170815
PH,2024-06-30,0.587652462594344
PH,2023-06-30,0.6549821068096912
PH,2022-06-30,0.658497553745011
PAYX,2026-05-31,0.7690747782002535
PAYX,2025-05-31,0.7507863391310122
PAYX,2024-05-31,0.6339243578507382
PAYX,2023-05-31,0.6687779716301298
PAYX,2022-05-31,0.6797990700763866
PYPL,2025-12-31,0.7473463634889551
PYPL,2024-12-31,0.7498253911850118
PYPL,2023-12-31,0.7437991383297228
PYPL,2022-12-31,0.7424444529136018
PYPL,2021-12-31,0.7133754600741395
PNR,2025-12-31,0.43669927789424645
PNR,2024-12-31,0.4473124951524083
PNR,2023-12-31,0.509834991543888
PNR,2022-12-31,0.57997673516867
PNR,2021-12-31,0.4905124537192864
PEP,2025-12-27,0.8086853695099582
PEP,2024-12-28,0.8173162958569173
PEP,2023-12-30,0.8145479874620628
PEP,2022-12-31,0.8126308481673121
PEP,2021-12-25,0.8251621074509888
PFE,2025-12-31,0.5831331667947732
PFE,2024-12-31,0.5852921329359501
PFE,2023-12-31,0.6057942349040402
PFE,2022-12-31,0.5136178088790853
PFE,2021-12-31,0.5731501686173378
PCG,2025-12-31,0.7684360678195903
PCG,2024-12-31,0.772549753104893
PCG,2023-12-31,0.7987875702079588
PCG,2022-12-31,0.8055106031489161
PCG,2021-12-31,0.794603540216981
PM,2025-12-31,1.1160367131603672
PM,2024-12-31,1.159750097112521
PM,2023-12-31,1.1446465760137206
PM,2022-12-31,1.1023167588074123
PM,2021-12-31,1.198789053039477
PSX,2025-12-31,0.5895629750271444
PSX,2024-12-31,0.6078504312363947
PSX,2023-12-31,0.5808002543012676
PSX,2022-12-31,0.5538316632217891
PSX,2021-12-31,0.610803324099723
PNW,2025-12-31,0.7640127320559921
PNW,2024-12-31,0.7372891602267346
PNW,2023-12-31,0.7451513317321375
PNW,2022-12-31,0.7289193234904716
PNW,2021-12-31,0.7263373518660131
PNC,2025-12-31,0.8942835424323363
PNC,2024-12-31,0.9027405283212925
PNC,2023-12-31,0.9089337227109228
PNC,2022-12-31,0.9177910609532662
PNC,2021-12-31,0.8999876164546807
PPG,2025-12-31,0.6335867499321206
PPG,2024-12-31,0.6417434261308084
PPG,2023-12-31,0.6293712754654225
PPG,2022-12-31,0.6765811801002699
PPG,2021-12-31,0.6997330335815652
PPL,2025-12-31,0.2734727256652816
PPL,2024-12-31,0.2688158952007597
PPL,2023-12-31,0.27250484249158935
PPL,2022-12-31,0.29151359780109415
PPL,2021-12-31,0.265900129428408
PFG,2025-12-31,0.9637019537080027
PFG,2024-12-31,0.9634353492085151
PFG,2023-12-31,0.9632495614605895
PFG,2022-12-31,0.9647385227737788
PFG,2021-12-31,0.9459776430689969
PG,2026-06-30,0.5707352929553197
PG,2025-06-30,0.5824915556052415
PG,2024-06-30,0.5868350085805344
PG,2023-06-30,0.6104825828236599
PG,2022-06-30,0.6002491297522353
PGR,2025-12-31,0.7535496874974602
PGR,2024-12-31,0.75799328573455
PGR,2023-12-31,0.7713731300202501
PGR,2022-12-31,0.7894255615185848
PGR,2021-12-31,0.7436944960306359
PLD,2025-12-31,0.41499677647608707
PLD,2024-12-31,0.38511023974899367
PLD,2023-12-31,0.37837886649916297
PLD,2022-12-31,0.34169769069973455
PLD,2021-12-31,0.3546820088561032
PRU,2025-12-31,0.9540142683588803
PRU,2024-12-31,0.9590449532142357
PRU,2023-12-31,0.9586935931872926
PRU,2022-12-31,0.9750578692799279
PRU,2021-12-31,0.93322397400974
PEG,2025-12-31,0.3286786160900375
PEG,2024-12-31,0.35801610541727674
PEG,2023-12-31,0.3444945901736268
PEG,2022-12-31,0.37961328461759514
PEG,2021-12-31,0.3947427498520378
PTC,2025-09-30,0.4217727754394173
PTC,2024-09-30,0.4964554161310445
PTC,2023-09-30,0.5742793347328491
PTC,2022-09-30,0.5101551692798449
PTC,2021-09-30,0.547766862781638
PSA,2025-12-31,0.5377298699108558
PSA,2024-12-31,0.5032303322299128
PSA,2023-12-31,0.4897856634003082
PSA,2022-12-31,0.4207712410681969
PSA,2021-12-31,0.45782245668638255
PHM,2025-12-31,0.280522071097292
PHM,2024-12-31,0.3018815103615501
PHM,2023-12-31,0.3545580451356837
PHM,2022-12-31,0.397554221382535
PHM,2021-12-31,0.4390981822234135
PWR,2025-12-31,0.6378260578801994
PWR,2024-12-31,0.6076986414074068
PWR,2023-12-31,0.613027780301129
PWR,2022-12-31,0.5990282328791978
PWR,2021-12-31,0.6019567662521337
QCOM,2025-09-28,0.5770895239614702
QCOM,2024-09-29,0.5236247597635711
QCOM,2023-09-24,0.5771747648902821
QCOM,2022-09-25,0.6324927571714204
QCOM,2021-09-26,0.758729388942774
DGX,2025-12-31,0.5558705701078582
DGX,2024-12-31,0.5782207639447781
DGX,2023-12-31,0.5477107402652974
DGX,2022-12-31,0.5380540624756563
DGX,2021-12-31,0.5236940709720079
Q,2025-12-31,0.47647476901208247
RL,2026-03-28,0.6328703404612701
RL,2025-03-29,0.6326962098959885
RL,2024-03-30,0.6288886196346893
RL,2023-04-01,0.6420207673613668
RL,2022-04-02,0.6717024609369944
RJF,2025-09-30,0.8582794967698062
RJF,2024-09-30,0.8594201850780798
RJF,2023-09-30,0.8699974476773864
RJF,2022-09-30,0.8834850712159208
RJF,2021-09-30,0.865844791649836
RDDT,2025-12-31,0.09574511765811829
RDDT,2024-12-31,0.08809656786905733
RTX,2025-12-31,0.6075614189935644
RTX,2024-12-31,0.6195651506499408
RTX,2023-12-31,0.620402918409331
RTX,2022-12-31,0.5328457045019639
RTX,2021-12-31,0.5371923868057793
O,2025-12-31,0.4488133707839423
O,2024-12-31,0.4326772154512762
O,2023-12-31,0.4270104286553414
O,2022-12-31,0.419337757351606
O,2021-12-31,0.41745815508742257
REG,2025-12-31,0.4476232845635312
REG,2024-12-31,0.4431626277713431
REG,2023-12-31,0.4212613381939666
REG,2022-12-31,0.4311313214649427
REG,2021-12-31,0.43387571608338077
REGN,2025-12-31,0.2293416702211856
REGN,2024-12-31,0.2226147661244617
REGN,2023-12-31,0.21484452935592893
REGN,2022-12-31,0.22422084923582467
REGN,2021-12-31,0.2620818720807712
RF,2025-12-31,0.8797146347299356
RF,2024-12-31,0.8861425792424763
RF,2023-12-31,0.8850611719253059
RF,2022-12-31,0.8972361809045226
RF,2021-12-31,0.8875277712995127
RSG,2025-12-31,0.6517197229820171
RSG,2024-12-31,0.6479538300104932
RSG,2023-12-31,0.664327716244138
RSG,2022-12-31,0.6665806167370555
RSG,2021-12-31,0.6401642957323181
RMD,2026-06-30,0.2655108493801549
RMD,2025-06-30,0.269932279970459
RMD,2024-06-30,0.29223455465446246
RMD,2023-06-30,0.3883172968973184
RMD,2022-06-30,0.34049294593074014
RVTY,2025-12-28,0.4041654247214365
RVTY,2024-12-29,0.38132841551140945
RVTY,2023-12-31,0.41961419614859635
RVTY,2023-01-01,0.47749810596074765
RVTY,2022-01-02,0.5239345826827463
HOOD,2025-12-31,0.7600492959593046
HOOD,2024-12-31,0.6955741398403789
HOOD,2023-12-31,0.7928986762340715
HOOD,2022-12-31,0.7019325534558855
HOOD,2021-12-31,0.6310877654555103
ROK,2025-09-30,0.6692218557803726
ROK,2024-09-30,0.6727949359425219
ROK,2023-09-30,0.6688428874734608
ROK,2022-09-30,0.7196036695883332
ROK,2021-09-30,0.7482525977423936
ROL,2025-12-31,0.562391041237399
ROL,2024-12-31,0.5281074726167192
ROL,2023-12-31,0.5547737202653865
ROL,2022-12-31,0.4028368145943409
ROL,2021-12-31,0.4537511295541858
ROP,2025-12-31,0.4250079532637302
ROP,2024-12-31,0.3978688163601375
ROP,2023-12-31,0.38067631135173513
ROP,2022-12-31,0.4055847120915614
ROP,2021-12-31,0.5123619480557816
ROST,2026-01-31,0.6020613764320536
ROST,2025-02-01,0.6303876357802698
ROST,2024-02-03,0.6593504287275013
ROST,2023-01-28,0.6803492097730974
ROST,2022-01-29,0.7023479617977845
RCL,2025-12-31,0.7538383911194406
RCL,2024-12-31,0.7913407067709738
RCL,2023-12-31,0.8605505109447497
RCL,2022-12-31,0.9150645032482925
RCL,2021-12-31,0.8423491836456013
SPGI,2025-12-31,0.409281045751634
SPGI,2024-12-31,0.37716079108616596
SPGI,2023-12-31,0.3711729851953325
SPGI,2022-12-31,0.3567266606241098
SPGI,2021-12-31,0.6315719419672567
CRM,2026-01-31,0.4733805262454922
CRM,2025-01-31,0.40567192600652885
CRM,2024-01-31,0.40248239383709167
CRM,2023-01-31,0.40961466479175307
CRM,2022-01-31,0.3894379733008434
SNDK,2026-07-03,0.30083973874794506
SNDK,2025-06-27,0.2902579899884482
SBAC,2025-12-31,1.4125487731675785
SBAC,2024-12-31,1.44281835972945
SBAC,2023-12-31,1.504579728860245
SBAC,2022-12-31,1.4954709197630882
SBAC,2021-12-31,1.537269508072019
SLB,2025-12-31,0.5026062550120288
SLB,2024-12-31,0.5432716869316441
SLB,2023-12-31,0.5546218487394958
SLB,2022-12-31,0.5829604729338125
SLB,2021-12-31,0.6317602563176026
STX,2026-07-03,0.7826915363016446
STX,2025-06-27,1.0564626698242552
STX,2024-06-28,1.1926605504587156
STX,2023-06-30,1.158681842244574
STX,2022-07-01,0.9878130590339893
SRE,2025-12-31,0.6501289705802774
SRE,2024-12-31,0.6070095158858094
SRE,2023-12-31,0.6139755221894679
SRE,2022-12-31,0.6276630946623565
SRE,2021-12-31,0.6194184190436532
NOW,2025-12-31,0.5021122974114756
NOW,2024-12-31,0.5285777363489182
NOW,2023-12-31,0.5612814171507448
NOW,2022-12-31,0.6216256861418151
NOW,2021-12-31,0.6578070012965364
SHW,2025-12-31,0.8224711119347379
SHW,2024-12-31,0.8285757809128069
SHW,2023-12-31,0.8381225385982644
SHW,2022-12-31,0.8627024873860317
SHW,2021-12-31,0.8820711579497452
SPG,2025-12-31,0.834868835913965
SPG,2024-12-31,0.8889253125322957
SPG,2023-12-31,0.8924380959409185
SPG,2022-12-31,0.8841640889109581
SPG,2021-12-31,0.8697138401413561
SKYD,2025-12-31,0.7026671588759171
SWKS,2025-10-03,0.2728179866110901
SWKS,2024-09-27,0.23500295775838131
SWKS,2023-09-29,0.27816345663189623
SWKS,2022-09-30,0.38369131600892514
SWKS,2021-10-01,0.38339134179985335
SJM,2026-04-30,0.6581994401765786
SJM,2025-04-30,0.6536755621096263
SJM,2024-04-30,0.6204984783241342
SJM,2023-04-30,0.513667836226103
SJM,2022-04-30,0.4929866085331672
SW,2025-12-31,0.5935513873818012
SW,2024-12-31,0.602664594711945
SNA,2026-01-03,0.2918940123390749
SNA,2024-12-28,0.31402593455576944
SNA,2023-12-30,0.32492147013214223
SNA,2022-12-31,0.354133203304268
SNA,2022-01-01,0.3781084959391689
SOLV,2025-12-31,0.6467748705750664
SOLV,2024-12-31,0.7953240644670402
SO,2025-12-31,0.750404572309273
SO,2024-12-31,0.7473894475823116
SO,2023-12-31,0.7471847614672973
SO,2022-12-31,0.7440007116857315
SO,2021-12-31,0.7446406448476485
LUV,2025-12-31,0.7253707718247824
LUV,2024-12-31,0.6933333333333334
LUV,2023-12-31,0.7118151670457972
LUV,2022-12-31,0.6978427436455653
LUV,2021-12-31,0.7132709251101321
SWK,2026-01-03,0.5737748132387485
SWK,2024-12-28,0.6008998164667329
SWK,2023-12-30,0.6173015322982783
SWK,2022-12-31,0.6108607435715631
SWK,2022-01-01,0.5886302342086587
SBUX,2025-09-28,1.2526319734413502
SBUX,2024-09-29,1.237452655292237
SBUX,2023-10-01,1.27127404866618
SBUX,2022-10-02,1.3109077002258887
SBUX,2021-10-03,1.1692914890770436
STT,2025-12-31,0.9239414610692069
STT,2024-12-31,0.9283037028649077
STT,2023-12-31,0.9199382354722161
STT,2022-12-31,0.9164339028031183
STT,2021-12-31,0.9130295209519935
STLD,2025-12-31,0.45611871779037233
STLD,2024-12-31,0.4010641815899357
STLD,2023-12-31,0.40707821486113216
STLD,2022-12-31,0.4282617127250991
STLD,2021-12-31,0.495646558032513
STE,2026-03-31,0.3296948925231904
STE,2025-03-31,0.3479964296171477
STE,2024-03-31,0.4291830298678642
STE,2023-03-31,0.4375103898699657
STE,2022-03-31,0.4270947479400966
SYK,2025-12-31,0.5313936961792493
SYK,2024-12-31,0.5198156896511601
SYK,2023-12-31,0.5341501302866306
SYK,2022-12-31,0.5495065611105087
SYK,2021-12-31,0.5704137911120095
SMCI,2026-06-30,0.5164671834972552
SMCI,2025-06-30,0.5504581148144346
SMCI,2024-06-30,0.4486750174942388
SMCI,2023-06-30,0.4633155261245115
SMCI,2022-06-30,0.5551598292334319
SYF,2025-12-31,0.8592216297913431
SYF,2024-12-31,0.8612122581887279
SYF,2023-12-31,0.8816554448029009
SYF,2022-12-31,0.8768887953789067
SYF,2021-12-31,0.8573860550612024
SNPS,2025-10-31,0.4126006924162408
SNPS,2024-10-31,0.3098126822523718
SNPS,2023-10-31,0.4015075391960094
SNPS,2022-10-31,0.4097325709562887
SNPS,2021-10-31,0.3945628900421148
SYY,2026-06-27,0.9061168433285206
SYY,2025-06-28,0.9306416672891611
SYY,2024-06-29,0.9241080386884456
SYY,2023-07-01,0.9105288538327064
SYY,2022-07-02,0.935967220038606
TMUS,2025-12-31,0.7299589029224082
TMUS,2024-12-31,0.7032182084745355
TMUS,2023-12-31,0.688393794358683
TMUS,2022-12-31,0.6704047544691442
TMUS,2021-12-31,0.6654676781417775
TROW,2025-12-31,0.15957550656124056
TROW,2024-12-31,0.1500816508313539
TROW,2023-12-31,0.16187249568361728
TROW,2022-12-31,0.16802796458048835
TROW,2021-12-31,0.18029418818450715
TTWO,2026-03-31,0.6258312729132919
TTWO,2025-03-31,0.767152831483438
TTWO,2024-03-31,0.5360607027969452
TTWO,2023-03-31,0.42993046317952854
TTWO,2022-03-31,0.41803673234885663
TPR,2026-06-27,0.8965733670068892
TPR,2025-06-28,0.869645163741357
TPR,2024-06-29,0.7837537230429298
TPR,2023-07-01,0.6799404226618705
TPR,2022-07-02,0.6854224877155796
TRGP,2025-12-31,0.8731799003901913
TRGP,2024-12-31,0.805657580462829
TRGP,2023-12-31,0.7769908764597181
TRGP,2022-12-31,0.7452862985685071
TRGP,2021-12-31,0.6594797543430517
TGT,2026-01-31,0.7282736594385611
TGT,2025-02-01,0.746126815420035
TGT,2024-02-03,0.7573524098562034
TGT,2023-01-28,0.7894065810443424
TGT,2022-01-29,0.7616286632844586
TEL,2025-09-26,0.49244447988517204
TEL,2024-09-27,0.4536623785770543
TEL,2023-09-29,0.4632000736919676
TEL,2022-09-30,0.4756520065441247
TEL,2021-09-24,0.4992079023390178
TDY,2025-12-28,0.3121561238575625
TDY,2024-12-29,0.32710820041547833
TDY,2023-12-31,0.3649598359019542
TDY,2023-01-01,0.43061864288700014
TDY,2022-01-02,0.47180585296216987
TER,2025-12-31,0.33173518781317235
TER,2024-12-31,0.2398189776833695
TER,2023-12-31,0.2755880422986649
TER,2022-12-31,0.2998807283794483
TER,2021-12-31,0.32694409261240215
TSLA,2025-12-31,0.39868365673483014
TSLA,2024-12-31,0.3964118948144507
TSLA,2023-12-31,0.4033934232493575
TSLA,2022-12-31,0.4425660084043819
TSLA,2021-12-31,0.49167082454813216
TXN,2025-12-31,0.5294780974410872
TXN,2024-12-31,0.5239798360978907
TXN,2023-12-31,0.4776493137133671
TXN,2022-12-31,0.46421876722902194
TXN,2021-12-31,0.4596774193548387
TPL,2025-12-31,0.1012586876677932
TPL,2024-12-31,0.09259066361116008
TPL,2023-12-31,0.09789190226894201
TPL,2022-12-31,0.11914381481308417
TPL,2021-12-31,0.14704658248523683
TXT,2026-01-03,0.5656131060731425
TXT,2024-12-28,0.5721582135645563
TXT,2023-12-30,0.5854888467014713
TXT,2022-12-31,0.5634321487755478
TXT,2022-01-01,0.569406710052442
TMO,2025-12-31,0.5159185449009
TMO,2024-12-31,0.4908498679627213
TMO,2023-12-31,0.526730547170958
TMO,2022-12-31,0.5467813986042778
TMO,2021-12-31,0.5705034534234622
TJX,2026-01-31,0.7151005116448123
TJX,2025-02-01,0.7356452171721944
TJX,2024-02-03,0.7545298685581739
TJX,2023-01-28,0.7755123637518079
TJX,2022-01-29,0.7890834685981302
TKO,2025-12-31,0.4030597668881178
TKO,2024-12-31,0.31349803652553837
TKO,2023-12-31,0.3025980598923357
TSCO,2025-12-27,0.7639135921221027
TSCO,2024-12-28,0.7684628552284767
TSCO,2023-12-30,0.7660288778449549
TSCO,2022-12-31,0.7594324610511909
TSCO,2021-12-25,0.7421727057224704
TT,2025-12-31,0.5984771739485638
TT,2024-12-31,0.6283808266366204
TT,2023-12-31,0.6381478864886886
TT,2022-12-31,0.6623528891248562
TT,2021-12-31,0.6526484235705822
TDG,2025-09-30,1.4224977083242394
TDG,2024-09-30,1.2455639803017275
TDG,2023-09-30,1.099048572859289
TDG,2022-09-30,1.207985861821395
TDG,2021-09-30,1.1506601087237898
TRV,2025-12-31,0.7711052968519498
TRV,2024-12-31,0.7907935340005556
TRV,2023-12-31,0.8021797456698788
TRV,2022-12-31,0.8136833827354667
TRV,2021-12-31,0.7602061992595421
TRMB,2026-01-02,0.3732603092783505
TRMB,2025-01-03,0.3944858404561407
TRMB,2023-12-29,0.5282567903305274
TRMB,2022-12-30,0.4428119411198239
TRMB,2021-12-31,0.4443771480083385
TFC,2025-12-31,0.880941596747623
TFC,2024-12-31,0.8801169480548819
TFC,2023-12-31,0.8893189302679186
TFC,2022-12-31,0.8909744171596834
TFC,2021-12-31,0.8720145000101618
TWLO,2025-12-31,0.19950526512937922
TWLO,2024-12-31,0.19385854016918805
TWLO,2023-12-31,0.16168840436713863
TWLO,2022-12-31,0.15959992690402908
TWLO,2021-12-31,0.1513341669616985
TYL,2025-12-31,0.34334998904043124
TYL,2024-12-31,0.34586637297382344
TYL,2023-12-31,0.37177534494146786
TYL,2022-12-31,0.4401204330658015
TYL,2021-12-31,0.5088856866873296
TSN,2025-09-27,0.50278247585793
TSN,2024-09-28,0.5009703504043127
TSN,2023-09-30,0.49642768475352406
TSN,2022-10-01,0.46196463974362456
TSN,2021-10-02,0.5082761849679143
USB,2025-12-31,0.9051758877438272
USB,2024-12-31,0.9129611775008182
USB,2023-12-31,0.915943094932712
USB,2022-12-31,0.9240788079519269
USB,2021-12-31,0.9033864541832669
UBER,2025-12-31,0.5455972298631112
UBER,2024-12-31,0.5613925532745297
UBER,2023-12-31,0.6722912736763224
UBER,2022-12-31,0.7351521380298359
UBER,2021-12-31,0.6041419507917677
UDR,2025-12-31,0.6088166579512061
UDR,2024-12-31,0.5906529207477693
UDR,2023-12-31,0.5645532733762282
UDR,2022-12-31,0.5526422592986165
UDR,2021-12-31,0.5569699736989129
ULTA,2026-01-31,0.5994666033459947
ULTA,2025-02-01,0.5853914887016047
ULTA,2024-02-03,0.600609145487892
ULTA,2023-01-28,0.6350724367278408
ULTA,2022-01-29,0.6777391135339988
UNP,2025-12-31,0.7350426124135556
UNP,2024-12-31,0.7505722513475597
UNP,2023-12-31,0.7797175713519633
UNP,2022-12-31,0.8141606441656862
UNP,2021-12-31,0.7770798898071626
UAL,2025-12-31,0.8000994139807451
UAL,2024-12-31,0.8289081165719531
UAL,2023-12-31,0.8688681368136814
UAL,2022-12-31,0.8976216633510496
UAL,2021-12-31,0.9262339567290062
UPS,2025-12-31,0.7776029552606376
UPS,2024-12-31,0.7610532324818039
UPS,2023-12-31,0.7556487009046389
UPS,2022-12-31,0.7215707777965243
UPS,2021-12-31,0.7944096246668108
URI,2025-12-31,0.6997254403000067
URI,2024-12-31,0.69385363775166
URI,2023-12-31,0.6822853569893313
URI,2022-12-31,0.7079766778315345
URI,2021-12-31,0.7047604967474866
UNH,2025-12-31,0.6714979278444091
UNH,2024-12-31,0.6560557600627602
UNH,2023-12-31,0.6386124506795265
UNH,2022-12-31,0.6485745100832299
UNH,2021-12-31,0.639600199805849
UHS,2025-12-31,0.5273711772326851
UHS,2024-12-31,0.5335424961414327
UHS,2023-12-31,0.5563508324478318
UHS,2022-12-31,0.5579319037203276
UHS,2021-12-31,0.5270147277936919
VLO,2025-12-31,0.5411981789335725
VLO,2024-12-31,0.5424072626905875
VLO,2023-12-31,0.5476401928444558
VLO,2022-12-31,0.5823685677740973
VLO,2021-12-31,0.6576665284687673
VEEV,2026-01-31,0.19651671620072872
VEEV,2025-01-31,0.20537235842717388
VEEV,2024-01-31,0.21419609806933607
VEEV,2023-01-31,0.22647313987314688
VEEV,2022-01-31,0.23708536564595772
VTR,2025-12-31,0.530262835766018
VTR,2024-12-31,0.5746032387331287
VTR,2023-12-31,0.6017444466998818
VTR,2022-12-31,0.5659244783474019
VTR,2021-12-31,0.5458313701720696
VLTO,2025-12-31,0.5962563369296763
VLTO,2024-12-31,0.6807680299719013
VLTO,2023-12-31,0.7560161601967328
VRSN,2025-12-31,2.624707745682178
VRSN,2024-12-31,2.392036971205119
VRSN,2023-12-31,1.9039451114922814
VRSN,2022-12-31,1.9012345679012346
VRSN,2021-12-31,1.6354178218780056
VRSK,2025-12-31,0.9499959648131708
VRSK,2024-12-31,0.9753792763852088
VRSK,2023-12-31,0.926204163899132
VRSK,2022-12-31,0.7460602490985621
VRSK,2021-12-31,0.6359549698390133
VZ,2025-12-31,0.7384318925042919
VZ,2024-12-31,0.738569991500113
VZ,2023-12-31,0.7533260575140366
VZ,2022-12-31,0.7564712389380531
VZ,2021-12-31,0.7730471690907702
VRTX,2025-12-31,0.2720898490816207
VRTX,2024-12-31,0.2717590044911508
VRTX,2023-12-31,0.22656201881197702
VRTX,2022-12-31,0.23349806345690846
VRTX,2021-12-31,0.24809231341894658
VRT,2025-12-31,0.677270642953064
VRT,2024-12-31,0.7334464823432795
VRT,2023-12-31,0.7480902669250484
VRT,2022-12-31,0.7967924235804783
VRT,2021-12-31,0.7957086863796184
VTRS,2025-12-31,0.6044615802393455
VTRS,2024-12-31,0.5509615454122682
VTRS,2023-12-31,0.5707835715259355
VTRS,2022-12-31,0.5787410389786934
VTRS,2021-12-31,0.626337459064818
VICI,2025-12-31,0.39597454148354233
VICI,2024-12-31,0.4059415758887027
VICI,2023-12-31,0.41766076731870183
VICI,2022-12-31,0.40679646004322034
VICI,2021-12-31,0.30744355989953726
V,2025-09-30,0.6194907003121644
V,2024-09-30,0.5859000539619726
V,2023-09-30,0.5720063205118289
V,2022-09-30,0.5838528204348488
V,2021-09-30,0.5465523065045358
VST,2025-12-31,0.8770156438026474
VST,2024-12-31,0.8521842732327244
VST,2023-12-31,0.8385609415761693
VST,2022-12-31,0.8500015249946625
VST,2021-12-31,0.7206481824613415
VMRK,2025-12-31,0.45005681329862596
VMRK,2024-12-31,0.44397383414635644
VMRK,2023-12-31,0.42207996141069004
VMRK,2022-12-31,0.42126815845991117
VMRK,2021-12-31,0.4479639114127899
VMC,2025-12-31,0.4881020813872722
VMC,2024-12-31,0.523964033487676
VMC,2023-12-31,0.4838405851901249
VMC,2022-12-31,0.511598499430964
VMC,2021-12-31,0.5199961995527166
WRB,2025-12-31,0.7796310872499559
WRB,2024-12-31,0.7927531378253029
WRB,2023-12-31,0.7992249344558352
WRB,2022-12-31,0.8001198661626429
WRB,2021-12-31,0.7921946029867969
GWW,2025-12-31,0.5379379602767239
GWW,2024-12-31,0.5805867029108619
GWW,2023-12-31,0.5776359396096723
GWW,2022-12-31,0.6395624670532419
GWW,2021-12-31,0.6723300970873787
WAB,2025-12-31,0.49295391725950427
WAB,2024-12-31,0.45818629023633833
WAB,2023-12-31,0.44575521381925426
WAB,2022-12-31,0.45198747029596026
WAB,2021-12-31,0.44516094071745965
WMT,2026-01-31,0.628033358157573
WMT,2025-01-31,0.626486161113092
WMT,2024-01-31,0.6420389938153479
WMT,2023-01-31,0.6556125281150672
WMT,2022-01-31,0.6247202483051539
DIS,2025-09-27,0.41972720921048634
DIS,2024-09-28,0.46222333209322236
DIS,2023-09-30,0.49432091799259653
DIS,2022-10-01,0.5144206923307355
DIS,2021-10-02,0.5431881694817027
WM,2025-12-31,0.7820224719101123
WM,2024-12-31,0.8147957008548926
WM,2023-12-31,0.7899034213813484
WM,2022-12-31,0.7811712946727453
WM,2021-12-31,0.7550950269787263
WAT,2025-12-31,0.49547586451428627
WAT,2024-12-31,0.59846523613821
WAT,2023-12-31,0.7513772857323788
WAT,2022-12-31,0.8462607875230881
WAT,2021-12-31,0.8812400401688955
WEC,2025-12-31,0.7272270241836396
WEC,2024-12-31,0.7297078744679414
WEC,2023-12-31,0.7252712239728537
WEC,2022-12-31,0.7225694436151996
WEC,2021-12-31,0.7149595393513472
WFC,2025-12-31,0.9148118034227376
WFC,2024-12-31,0.9061758845917677
WFC,2023-12-31,0.9030033097572637
WFC,2022-12-31,0.9033102323425213
WFC,2021-12-31,0.902411004133326
WELL,2025-12-31,0.35808346091671006
WELL,2024-12-31,0.36187623505445504
WELL,2023-12-31,0.40080824470215803
WELL,2022-12-31,0.43541381122059447
WELL,2021-12-31,0.4558093343444955
WST,2025-12-31,0.25620608899297426
WST,2024-12-31,0.26379206235933467
WST,2023-12-31,0.24768246507376943
WST,2022-12-31,0.25765870382658707
WST,2021-12-31,0.29525016597259945
WDC,2026-07-03,0.36050789986292475
WDC,2025-06-27,0.604342236823311
WDC,2024-06-28,0.5432859269059037
WDC,2023-06-30,0.520119530066724
WDC,2022-07-01,0.5345976617540653
WY,2025-12-31,0.43261301390477336
WY,2024-12-31,0.41213110788582485
WY,2023-12-31,0.3972796325737502
WY,2022-12-31,0.3801038062283737
WY,2021-12-31,0.39004078857919783
WSM,2026-02-01,0.6151897887474889
WSM,2025-02-02,0.5958925284352461
WSM,2024-01-28,0.5965029615734986
WSM,2023-01-29,0.6352036964917127
WSM,2022-01-30,0.640219689468655
WMB,2025-12-31,0.7439946733136428
WMB,2024-12-31,0.7278662069977261
WMB,2023-12-31,0.7170463830353241
WMB,2022-12-31,0.7100117688352983
WMB,2021-12-31,0.7038351676048055
WTW,2025-12-31,0.7273281408736878
WTW,2024-12-31,0.7103789602976771
WTW,2023-12-31,0.6702303196974906
WTW,2022-12-31,0.6823003556926563
WTW,2021-12-31,0.6194452387760938
WDAY,2026-01-31,0.5681642137877614
WDAY,2025-01-31,0.49746898815152696
WDAY,2024-01-31,0.5087527352297593
WDAY,2023-01-31,0.5858320163117394
WDAY,2022-01-31,0.5680259236910398
WYNN,2025-12-31,1.0786748394143872
WYNN,2024-12-31,1.0746344399348342
WYNN,2023-12-31,1.078659364029853
WYNN,2022-12-31,1.1222775081810796
WYNN,2021-12-31,1.0667326319908998
XEL,2025-12-31,0.7098597780536063
XEL,2024-12-31,0.7212536588848433
XEL,2023-12-31,0.7250893428424289
XEL,2022-12-31,0.7274792442962672
XEL,2021-12-31,0.7301343105564294
XYL,2025-12-31,0.33373029375070884
XYL,2024-12-31,0.3402049354271509
XYL,2023-12-31,0.3684210526315789
XYL,2022-12-31,0.5594818913480886
XYL,2021-12-31,0.610198163363944
YUM,2025-12-31,1.8934976210808832
YUM,2024-12-31,2.1369109558495616
YUM,2023-12-31,2.261113785909164
YUM,2022-12-31,2.518303113239822
YUM,2021-12-31,2.403452899765337
ZBRA,2025-12-31,0.5779816513761468
ZBRA,2024-12-31,0.5499497991967871
ZBRA,2023-12-31,0.5844511360525595
ZBRA,2022-12-31,0.6370035861336166
ZBRA,2021-12-31,0.5198712791633145
ZBH,2025-12-31,0.44977199599856227
ZBH,2024-12-31,0.4160531328836946
ZBH,2023-12-31,0.419069726332634
ZBH,2022-12-31,0.42908003417829677
ZBH,2021-12-31,0.46000238740812743
ZTS,2025-12-31,0.7846382621064201
ZTS,2024-12-31,0.664957505092365
ZTS,2023-12-31,0.6506369872602548
ZTS,2022-12-31,0.7049916247906197
ZTS,2021-12-31,0.6730935251798561
