ticker,status,assets_missing,liabilities_missing,equity_missing
ABT,cannot calculate,False,True,True
AZO,cannot calculate,False,True,True
CAH,cannot calculate,False,True,True
ETR,cannot calculate,False,True,True
FDX,cannot calculate,False,True,True
HONA,cannot calculate,,,
HRL,cannot calculate,False,True,True
HPQ,cannot calculate,False,True,True
MAR,cannot calculate,False,True,True
MCK,cannot calculate,False,True,True
ORLY,cannot calculate,False,True,True
SBAC,cannot calculate,False,True,True
TGT,cannot calculate,False,True,True
ABBV,estimate,False,True,False
ACN,estimate,False,True,False
AMD,estimate,False,True,False
AES,estimate,False,True,False
ALB,estimate,False,True,False
LNT,estimate,False,True,False
AMZN,estimate,False,True,False
AEE,estimate,False,True,False
AWK,estimate,False,True,False
AMGN,estimate,False,True,False
ADI,estimate,False,True,False
APA,estimate,False,True,False
ADM,estimate,False,True,False
T,estimate,False,True,False
ATO,estimate,False,True,False
ADSK,estimate,False,True,False
AVY,estimate,False,True,False
BKR,estimate,False,True,False
BDX,estimate,False,True,False
BBY,estimate,False,True,False
TECH,estimate,False,True,False
BSX,estimate,False,True,False
BRO,estimate,False,True,False
BG,estimate,False,True,False
CDNS,estimate,False,True,False
CCL,estimate,False,True,False
CDW,estimate,False,True,False
COR,estimate,False,True,False
CNP,estimate,False,True,False
CF,estimate,False,True,False
CHTR,estimate,False,True,False
CTAS,estimate,False,True,False
CMS,estimate,False,True,False
KO,estimate,False,True,False
CMCSA,estimate,False,True,False
ED,estimate,False,True,False
CPAY,estimate,False,True,False
CTVA,estimate,False,True,False
DHR,estimate,False,True,False
DECK,estimate,False,True,False
DAL,estimate,False,True,False
DVN,estimate,False,True,False
DOV,estimate,False,True,False
DOW,estimate,False,True,False
DTE,estimate,False,True,False
DUK,estimate,False,True,False
ETN,estimate,False,True,False
EMR,estimate,False,True,False
EOG,estimate,False,True,False
EL,estimate,False,True,False
EVRG,estimate,False,True,False
ES,estimate,False,True,False
EXPE,estimate,False,True,False
EXPD,estimate,False,True,False
FFIV,estimate,False,True,False
FAST,estimate,False,True,False
FDXF,estimate,False,True,False
FTV,estimate,False,True,False
FOXA,estimate,False,True,False
FOX,estimate,False,True,False
GRMN,estimate,False,True,False
GD,estimate,False,True,False
GPC,estimate,False,True,False
GILD,estimate,False,True,False
GDDY,estimate,False,True,False
HCA,estimate,False,True,False
HPE,estimate,False,True,False
HON,estimate,False,True,False
ITW,estimate,False,True,False
INTC,estimate,False,True,False
IFF,estimate,False,True,False
IP,estimate,False,True,False
IRM,estimate,False,True,False
J,estimate,False,True,False
JCI,estimate,False,True,False
KMB,estimate,False,True,False
LLY,estimate,False,True,False
LYV,estimate,False,True,False
LYB,estimate,False,True,False
MRSH,estimate,False,True,False
MCD,estimate,False,True,False
MRK,estimate,False,True,False
MCHP,estimate,False,True,False
MNST,estimate,False,True,False
MOS,estimate,False,True,False
MSI,estimate,False,True,False
NWSA,estimate,False,True,False
NWS,estimate,False,True,False
NKE,estimate,False,True,False
NI,estimate,False,True,False
NDSN,estimate,False,True,False
NXPI,estimate,False,True,False
OXY,estimate,False,True,False
OMC,estimate,False,True,False
OKE,estimate,False,True,False
ORCL,estimate,False,True,False
PKG,estimate,False,True,False
PSKY,estimate,False,True,False
PCG,estimate,False,True,False
PNW,estimate,False,True,False
PPL,estimate,False,True,False
PEG,estimate,False,True,False
DGX,estimate,False,True,False
RSG,estimate,False,True,False
ROK,estimate,False,True,False
ROST,estimate,False,True,False
SRE,estimate,False,True,False
SHW,estimate,False,True,False
LUV,estimate,False,True,False
SWK,estimate,False,True,False
SYY,estimate,False,True,False
TMUS,estimate,False,True,False
TRGP,estimate,False,True,False
TMO,estimate,False,True,False
TJX,estimate,False,True,False
TSN,estimate,False,True,False
UAL,estimate,False,True,False
UPS,estimate,False,True,False
UHS,estimate,False,True,False
VLO,estimate,False,True,False
VLTO,estimate,False,True,False
VZ,estimate,False,True,False
GWW,estimate,False,True,False
WMT,estimate,False,True,False
DIS,estimate,False,True,False
WEC,estimate,False,True,False
WMB,estimate,False,True,False
XEL,estimate,False,True,False
MMM,perfect,False,False,False
AOS,perfect,False,False,False
ADBE,perfect,False,False,False
AFL,perfect,False,False,False
A,perfect,False,False,False
APD,perfect,False,False,False
ABNB,perfect,False,False,False
AKAM,perfect,False,False,False
ARE,perfect,False,False,False
ALGN,perfect,False,False,False
ALLE,perfect,False,False,False
ALL,perfect,False,False,False
GOOGL,perfect,False,False,False
GOOG,perfect,False,False,False
MO,perfect,False,False,False
AMCR,perfect,False,False,False
AEP,perfect,False,False,False
AXP,perfect,False,False,False
AIG,perfect,False,False,False
AMT,perfect,False,False,False
AMP,perfect,False,False,False
AME,perfect,False,False,False
APH,perfect,False,False,False
AON,perfect,False,False,False
APO,perfect,False,False,False
AAPL,perfect,False,False,False
AMAT,perfect,False,False,False
APP,perfect,False,False,False
APTV,perfect,False,False,False
ACGL,perfect,False,False,False
ARES,perfect,False,False,False
ANET,perfect,False,False,False
AJG,perfect,False,False,False
AIZ,perfect,False,False,False
ADP,perfect,False,False,False
AXON,perfect,False,False,False
BALL,perfect,False,False,False
BAC,perfect,False,False,False
BAX,perfect,False,False,False
BRK-B,perfect,False,False,False
BIIB,perfect,False,False,False
BLK,perfect,False,False,False
BX,perfect,False,False,False
XYZ,perfect,False,False,False
BNY,perfect,False,False,False
BA,perfect,False,False,False
BKNG,perfect,False,False,True
BMY,perfect,False,False,False
AVGO,perfect,False,False,False
BR,perfect,False,False,False
BF-B,perfect,False,False,False
BLDR,perfect,False,False,False
BXP,perfect,False,False,False
CHRW,perfect,False,False,True
CPT,perfect,False,False,False
COF,perfect,False,False,False
CARR,perfect,False,False,False
CVNA,perfect,False,False,False
CASY,perfect,False,False,False
CAT,perfect,False,False,False
CBOE,perfect,False,False,False
CBRE,perfect,False,False,False
CNC,perfect,False,False,False
CRL,perfect,False,False,False
SCHW,perfect,False,False,False
CVX,perfect,False,False,False
CMG,perfect,False,False,False
CB,perfect,False,False,False
CHD,perfect,False,False,False
CIEN,perfect,False,False,False
CI,perfect,False,False,False
CINF,perfect,False,False,False
CSCO,perfect,False,False,False
C,perfect,False,False,False
CFG,perfect,False,False,False
CLX,perfect,False,False,False
CME,perfect,False,False,False
CTSH,perfect,False,False,False
COHR,perfect,False,False,False
COIN,perfect,False,False,False
CL,perfect,False,False,False
FIX,perfect,False,False,False
COP,perfect,False,False,False
STZ,perfect,False,False,False
CEG,perfect,False,False,False
COO,perfect,False,False,False
CPRT,perfect,False,False,False
GLW,perfect,False,False,False
CSGP,perfect,False,False,False
COST,perfect,False,False,False
CRH,perfect,False,False,False
CRWD,perfect,False,False,False
CCI,perfect,False,False,True
CSX,perfect,False,False,False
CMI,perfect,False,False,False
CVS,perfect,False,False,False
DRI,perfect,False,False,False
DDOG,perfect,False,False,False
DVA,perfect,False,False,False
DE,perfect,False,False,False
DELL,perfect,False,False,False
DXCM,perfect,False,False,False
FANG,perfect,False,False,False
DLR,perfect,False,False,False
DG,perfect,False,False,False
DLTR,perfect,False,False,False
D,perfect,False,False,False
DPZ,perfect,False,False,True
DASH,perfect,False,False,False
DHI,perfect,False,False,False
DD,perfect,False,False,False
EBAY,perfect,False,False,False
ECHO,perfect,False,False,False
ECL,perfect,False,False,False
EIX,perfect,False,False,False
EW,perfect,False,False,False
ELV,perfect,False,False,False
EME,perfect,False,False,False
EQT,perfect,False,False,False
EFX,perfect,False,False,False
EQIX,perfect,False,False,False
ERIE,perfect,False,False,False
ESS,perfect,False,False,False
EG,perfect,False,False,False
EXC,perfect,False,False,False
EXE,perfect,False,False,False
EXR,perfect,False,False,False
XOM,perfect,False,False,False
FDS,perfect,False,False,False
FICO,perfect,False,False,True
FRT,perfect,False,False,False
FERG,perfect,False,False,False
FIS,perfect,False,False,False
FITB,perfect,False,False,False
FSLR,perfect,False,False,False
FE,perfect,False,False,False
FISV,perfect,False,False,False
FLEX,perfect,False,False,False
F,perfect,False,False,False
FTNT,perfect,False,False,False
BEN,perfect,False,False,False
FCX,perfect,False,False,False
IT,perfect,False,False,False
GE,perfect,False,False,False
GEHC,perfect,False,False,False
GEV,perfect,False,False,False
GEN,perfect,False,False,False
GNRC,perfect,False,False,False
GIS,perfect,False,False,False
GM,perfect,False,False,False
GPN,perfect,False,False,False
GL,perfect,False,False,False
GS,perfect,False,False,False
HAL,perfect,False,False,False
HIG,perfect,False,False,False
HAS,perfect,False,False,False
DOC,perfect,False,False,False
HSIC,perfect,False,False,False
HSY,perfect,False,False,False
HLT,perfect,False,False,True
HD,perfect,False,False,False
HST,perfect,False,False,False
HWM,perfect,False,False,False
HUBB,perfect,False,False,False
HUM,perfect,False,False,False
HBAN,perfect,False,False,False
HII,perfect,False,False,False
IBM,perfect,False,False,False
IEX,perfect,False,False,False
IDXX,perfect,False,False,False
INCY,perfect,False,False,False
IR,perfect,False,False,False
PODD,perfect,False,False,False
IBKR,perfect,False,False,False
ICE,perfect,False,False,False
INTU,perfect,False,False,False
ISRG,perfect,False,False,False
IVZ,perfect,False,False,False
INVH,perfect,False,False,False
IQV,perfect,False,False,False
JBHT,perfect,False,False,False
JBL,perfect,False,False,False
JKHY,perfect,False,False,False
JNJ,perfect,False,False,False
JPM,perfect,False,False,False
KVUE,perfect,False,False,False
KDP,perfect,False,False,False
KEY,perfect,False,False,False
KEYS,perfect,False,False,False
KIM,perfect,False,False,False
KMI,perfect,False,False,False
KKR,perfect,False,False,False
KLAC,perfect,False,False,False
KHC,perfect,False,False,False
KR,perfect,False,False,False
LHX,perfect,False,False,False
LH,perfect,False,False,False
LRCX,perfect,False,False,False
LVS,perfect,False,False,False
LDOS,perfect,False,False,False
LEN,perfect,False,False,False
LII,perfect,False,False,False
LIN,perfect,False,False,False
LMT,perfect,False,False,False
L,perfect,False,False,False
LOW,perfect,False,False,True
LULU,perfect,False,False,False
LITE,perfect,False,False,False
MTB,perfect,False,False,False
MPC,perfect,False,False,False
MLM,perfect,False,False,False
MRVL,perfect,False,False,False
MAS,perfect,False,False,False
MA,perfect,False,False,False
MKC,perfect,False,False,False
MDT,perfect,False,False,False
META,perfect,False,False,False
MET,perfect,False,False,False
MTD,perfect,False,False,False
MGM,perfect,False,False,False
MU,perfect,False,False,False
MSFT,perfect,False,False,False
MAA,perfect,False,False,False
MRNA,perfect,False,False,False
TAP,perfect,False,False,False
MDLZ,perfect,False,False,False
MPWR,perfect,False,False,False
MCO,perfect,False,False,False
MS,perfect,False,False,False
MSCI,perfect,False,False,False
NDAQ,perfect,False,False,False
NTAP,perfect,False,False,False
NFLX,perfect,False,False,False
NEM,perfect,False,False,False
NEE,perfect,False,False,False
NSC,perfect,False,False,False
NTRS,perfect,False,False,False
NOC,perfect,False,False,False
NCLH,perfect,False,False,False
NRG,perfect,False,False,False
NUE,perfect,False,False,False
NVDA,perfect,False,False,False
NVR,perfect,False,False,False
ODFL,perfect,False,False,False
ON,perfect,False,False,False
OTIS,perfect,False,False,False
PCAR,perfect,False,False,False
PLTR,perfect,False,False,False
PANW,perfect,False,False,False
PH,perfect,False,False,False
PAYX,perfect,False,False,False
PYPL,perfect,False,False,False
PNR,perfect,False,False,False
PEP,perfect,False,False,False
PFE,perfect,False,False,False
PM,perfect,False,False,False
PSX,perfect,False,False,False
PNC,perfect,False,False,False
PPG,perfect,False,False,False
PFG,perfect,False,False,False
PG,perfect,False,False,False
PGR,perfect,False,False,False
PLD,perfect,False,False,False
PRU,perfect,False,False,False
PTC,perfect,False,False,False
PSA,perfect,False,False,False
PHM,perfect,False,False,False
PWR,perfect,False,False,False
QCOM,perfect,False,False,False
Q,perfect,False,False,False
RL,perfect,False,False,False
RJF,perfect,False,False,False
RDDT,perfect,False,False,False
RTX,perfect,False,False,False
O,perfect,False,False,False
REG,perfect,False,False,False
REGN,perfect,False,False,False
RF,perfect,False,False,False
RMD,perfect,False,False,False
RVTY,perfect,False,False,False
HOOD,perfect,False,False,False
ROL,perfect,False,False,False
ROP,perfect,False,False,False
RCL,perfect,False,False,False
SPGI,perfect,False,False,False
CRM,perfect,False,False,False
SNDK,perfect,False,False,False
SLB,perfect,False,False,False
STX,perfect,False,False,False
NOW,perfect,False,False,False
SPG,perfect,False,False,False
SWKS,perfect,False,False,False
SJM,perfect,False,False,False
SW,perfect,False,False,False
SNA,perfect,False,False,False
SOLV,perfect,False,False,False
SO,perfect,False,False,False
SBUX,perfect,False,False,False
STT,perfect,False,False,False
STLD,perfect,False,False,False
STE,perfect,False,False,False
SYK,perfect,False,False,False
SMCI,perfect,False,False,False
SYF,perfect,False,False,False
SNPS,perfect,False,False,False
TROW,perfect,False,False,False
TTWO,perfect,False,False,False
TPR,perfect,False,False,False
TEL,perfect,False,False,False
TDY,perfect,False,False,False
TER,perfect,False,False,False
TSLA,perfect,False,False,False
TXN,perfect,False,False,False
TPL,perfect,False,False,False
TXT,perfect,False,False,False
TKO,perfect,False,False,False
TTD,perfect,False,False,False
TSCO,perfect,False,False,False
TT,perfect,False,False,False
TDG,perfect,False,False,True
TRV,perfect,False,False,False
TRMB,perfect,False,False,False
TFC,perfect,False,False,False
TYL,perfect,False,False,False
USB,perfect,False,False,False
UBER,perfect,False,False,False
UDR,perfect,False,False,False
ULTA,perfect,False,False,False
UNP,perfect,False,False,False
URI,perfect,False,False,False
UNH,perfect,False,False,False
VEEV,perfect,False,False,False
VTR,perfect,False,False,False
VRSN,perfect,False,False,True
VRSK,perfect,False,False,False
VRTX,perfect,False,False,False
VRT,perfect,False,False,False
VTRS,perfect,False,False,False
VICI,perfect,False,False,False
V,perfect,False,False,False
VST,perfect,False,False,False
VMRK,perfect,False,False,False
VMC,perfect,False,False,False
WRB,perfect,False,False,False
WAB,perfect,False,False,False
WBD,perfect,False,False,False
WM,perfect,False,False,False
WAT,perfect,False,False,False
WFC,perfect,False,False,False
WELL,perfect,False,False,False
WST,perfect,False,False,False
WDC,perfect,False,False,False
WY,perfect,False,False,False
WSM,perfect,False,False,False
WTW,perfect,False,False,False
WDAY,perfect,False,False,False
WYNN,perfect,False,False,True
XYL,perfect,False,False,False
YUM,perfect,False,False,False
ZBRA,perfect,False,False,False
ZBH,perfect,False,False,False
ZTS,perfect,False,False,False
