ticker,sector,has_assets,has_liabilities,has_equity,can_calculate_debt_to_assets
MMM,Industrials,37733000000.0,32986000000.0,4747000000.0,True
AOS,Industrials,3142800000.0,1284800000.0,1858000000.0,True
ABT,Health Care,86713000000.0,,52771000000.0,True
ABBV,Health Care,133960000000.0,,-3228000000.0,True
ACN,Information Technology,65394897000.0,33153930000.0,32240967000.0,True
ADBE,Information Technology,29496000000.0,17873000000.0,11623000000.0,True
AMD,Information Technology,76926000000.0,,62999000000.0,True
AES,Utilities,51768000000.0,39839000000.0,9105000000.0,True
AFL,Financials,116470000000.0,86980000000.0,29490000000.0,True
A,Health Care,12727000000.0,5986000000.0,-226000000.0,True
APD,Materials,41059500000.0,23709700000.0,17349800000.0,True
ABNB,Consumer Discretionary,22208000000.0,14009000000.0,8199000000.0,True
AKAM,Information Technology,11479643000.0,6502272000.0,4977371000.0,True
ALB,Materials,16374211000.0,,9781461000.0,True
ARE,Real Estate,34081835000.0,14925399000.0,19097648000.0,True
ALGN,Health Care,6233693000.0,2184546000.0,4049147000.0,True
ALLE,Industrials,5223700000.0,3156100000.0,2067600000.0,True
LNT,Utilities,24991000000.0,,7334000000.0,True
ALL,Financials,119758000000.0,89169000000.0,30589000000.0,True
GOOGL,Communication Services,595281000000.0,180016000000.0,415265000000.0,True
GOOG,Communication Services,595281000000.0,180016000000.0,415265000000.0,True
MO,Consumer Staples,35017000000.0,38469000000.0,-3452000000.0,True
AMZN,Consumer Discretionary,818042000000.0,,411065000000.0,True
AMCR,Materials,37095000000.0,25294000000.0,11801000000.0,True
AEE,Utilities,48476000000.0,,13530000000.0,True
AEP,Utilities,114460000000.0,82204000000.0,32218000000.0,True
AXP,Financials,300052000000.0,266578000000.0,33474000000.0,True
AIG,Financials,161254000000.0,120092000000.0,41162000000.0,True
AMT,Real Estate,63190400000.0,52835100000.0,10355300000.0,True
AWK,Utilities,35442000000.0,,10837000000.0,True
AMP,Financials,190904000000.0,184355000000.0,6549000000.0,True
AME,Industrials,16067543000.0,5438757000.0,10628786000.0,True
AMGN,Health Care,90586000000.0,,8658000000.0,True
APH,Information Technology,36236900000.0,22727200000.0,13500400000.0,True
ADI,Information Technology,47992712000.0,14176957000.0,33815755000.0,True
AON,Financials,50784000000.0,41236000000.0,9459000000.0,True
APA,Energy,17761000000.0,,7003000000.0,True
APO,Financials,460949000000.0,418434000000.0,42515000000.0,True
AAPL,Information Technology,359241000000.0,285508000000.0,73733000000.0,True
AMAT,Information Technology,36299000000.0,15884000000.0,20415000000.0,True
APP,Communication Services,7259610000.0,5124939000.0,2134671000.0,True
APTV,Consumer Discretionary,23413000000.0,13914000000.0,9397000000.0,True
ACGL,Financials,79241000000.0,55035000000.0,24206000000.0,True
ADM,Consumer Staples,52389000000.0,29362000000.0,22740000000.0,True
ARES,Financials,28633369000.0,19931981000.0,8676092000.0,True
ANET,Information Technology,19448600000.0,7078100000.0,12370500000.0,True
AJG,Financials,70665000000.0,47318000000.0,23347000000.0,True
AIZ,Financials,36289600000.0,30418000000.0,5871600000.0,True
T,Communication Services,420198000000.0,,126491000000.0,True
ATO,Utilities,28249522000.0,,13558890000.0,True
ADSK,Information Technology,12467000000.0,,3045000000.0,True
ADP,Industrials,63193300000.0,57162100000.0,6031200000.0,True
AZO,Consumer Discretionary,19355324000.0,,-3414313000.0,True
AVY,Materials,8801700000.0,,2242100000.0,True
AXON,Industrials,7000313000.0,3757655000.0,3242658000.0,True
BKR,Energy,40881000000.0,,19010000000.0,True
BALL,Materials,19524000000.0,14103000000.0,5421000000.0,True
BAC,Financials,3411738000000.0,3108495000000.0,303243000000.0,True
BAX,Health Care,20055000000.0,13953000000.0,6102000000.0,True
BDX,Health Care,55325000000.0,,25390000000.0,True
BRK-B,Financials,1222176000000.0,502473000000.0,719703000000.0,True
BBY,Consumer Discretionary,14670000000.0,,2964000000.0,True
TECH,Health Care,2586726000.0,,2108221000.0,True
BIIB,Health Care,29439500000.0,11182700000.0,18256800000.0,True
BLK,Financials,169998000000.0,108456000000.0,56115000000.0,True
BX,Financials,47708975000.0,25827803000.0,20500669000.0,True
XYZ,Financials,39549887000.0,17380005000.0,22169882000.0,True
BE,Industrials,4396711000.0,3603748000.0,792963000.0,True
BNY,Financials,472300000000.0,427492000000.0,44721000000.0,True
BA,Industrials,168235000000.0,162778000000.0,5457000000.0,True
BKNG,Consumer Discretionary,29264000000.0,34842000000.0,-5578000000.0,True
BSX,Health Care,43673000000.0,,24472000000.0,True
BMY,Health Care,90038000000.0,71533000000.0,18506000000.0,True
AVGO,Information Technology,171092000000.0,89800000000.0,81292000000.0,True
BR,Industrials,8945300000.0,6104700000.0,2840500000.0,True
BRO,Financials,29991000000.0,,12573000000.0,True
BF-B,Consumer Staples,7894000000.0,3874000000.0,4020000000.0,True
BG,Consumer Staples,44528000000.0,,17369000000.0,True
BXP,Real Estate,26166164000.0,18473924000.0,7684702000.0,True
CHRW,Industrials,5058381000.0,3212734000.0,1845647000.0,True
CDNS,Information Technology,10153148000.0,4678967000.0,5474181000.0,True
CPT,Real Estate,9042989000.0,4604736000.0,4438253000.0,True
COF,Financials,669009000000.0,555393000000.0,113616000000.0,True
CAH,Health Care,57299000000.0,,-2724000000.0,True
CCL,Consumer Discretionary,51687000000.0,,12284000000.0,True
CARR,Industrials,37190000000.0,23062000000.0,14128000000.0,True
CVNA,Consumer Discretionary,13201000000.0,8998000000.0,4203000000.0,True
CASY,Consumer Staples,8936055000.0,4984336000.0,3951719000.0,True
CAT,Industrials,98585000000.0,77267000000.0,21318000000.0,True
CBOE,Financials,9305300000.0,4167000000.0,5138300000.0,True
CBRE,Real Estate,30877000000.0,21251000000.0,9193000000.0,True
CDW,Information Technology,16028200000.0,13422100000.0,2606100000.0,True
COR,Health Care,76590112000.0,,1747085000.0,True
CNC,Health Care,76747000000.0,56691000000.0,20033000000.0,True
CNP,Utilities,46534000000.0,,11153000000.0,True
CF,Materials,14088000000.0,,7775000000.0,True
CRL,Health Care,7135422000.0,3924228000.0,3169931000.0,True
SCHW,Financials,490995000000.0,441570000000.0,49425000000.0,True
CHTR,Communication Services,154213000000.0,,20519000000.0,True
CVX,Energy,324012000000.0,131836000000.0,192176000000.0,True
CMG,Consumer Discretionary,8994531000.0,6163924000.0,2830607000.0,True
CB,Financials,272327000000.0,192548000000.0,79779000000.0,True
CHD,Consumer Staples,8912400000.0,4910200000.0,4002200000.0,True
CIEN,Information Technology,5864667000.0,3135344000.0,2729323000.0,True
CI,Health Care,157919000000.0,116045000000.0,41874000000.0,True
CINF,Financials,41002000000.0,25091000000.0,15911000000.0,True
CTAS,Industrials,10529140000.0,5389253000.0,5139887000.0,True
CSCO,Information Technology,129637000000.0,79352000000.0,50285000000.0,True
C,Financials,2657202000000.0,2443380000000.0,213822000000.0,True
CFG,Financials,226351000000.0,200034000000.0,26317000000.0,True
CLX,Consumer Staples,7794000000.0,7542000000.0,252000000.0,True
CME,Financials,198424200000.0,169696000000.0,28728200000.0,True
CMS,Utilities,39941000000.0,30230000000.0,9711000000.0,True
KO,Consumer Staples,104816000000.0,,34275000000.0,True
CTSH,Information Technology,20692000000.0,5677000000.0,15015000000.0,True
COHR,Information Technology,18299852000.0,7061652000.0,11238200000.0,True
COIN,Financials,29671832000.0,14878774000.0,14793058000.0,True
CL,Consumer Staples,16330000000.0,15965000000.0,365000000.0,True
CMCSA,Communication Services,272631000000.0,,97151000000.0,True
FIX,Industrials,6441169000.0,3992395000.0,2448774000.0,True
COP,Energy,121939000000.0,57452000000.0,64487000000.0,True
ED,Utilities,74603000000.0,,24190000000.0,True
STZ,Consumer Staples,21900500000.0,13513600000.0,8386900000.0,True
CEG,Utilities,57249000000.0,42396000000.0,14853000000.0,True
COO,Health Care,12394800000.0,4155700000.0,8239100000.0,True
CPRT,Industrials,10027810000.0,913930000.0,9097295000.0,True
GLW,Information Technology,30976000000.0,18669000000.0,12307000000.0,True
CPAY,Financials,26408135000.0,22179458000.0,3926677000.0,True
CSGP,Real Estate,10538000000.0,2167000000.0,8371000000.0,True
COST,Consumer Staples,89045000000.0,53242000000.0,35803000000.0,True
CRH,Materials,58329000000.0,32851000000.0,25048000000.0,True
CRWD,Information Technology,11086684000.0,6614079000.0,4472605000.0,True
CCI,Real Estate,31518000000.0,33153000000.0,-1635000000.0,True
CSX,Industrials,43682000000.0,30522000000.0,13160000000.0,True
CMI,Industrials,33992000000.0,20584000000.0,13408000000.0,True
CVS,Health Care,253538000000.0,178156000000.0,75382000000.0,True
DHR,Health Care,83464000000.0,,52541000000.0,True
DRI,Consumer Discretionary,12862400000.0,10654900000.0,2207500000.0,True
DDOG,Information Technology,6643844000.0,2911638000.0,3732206000.0,True
DVA,Health Care,17480103000.0,16321665000.0,-373728000.0,True
DECK,Consumer Discretionary,3687765000.0,1188127000.0,2499638000.0,True
DE,Industrials,105996000000.0,79989000000.0,25956000000.0,True
DELL,Information Technology,101286000000.0,103756000000.0,-2470000000.0,True
DAL,Industrials,81317000000.0,60464000000.0,20853000000.0,True
DVN,Energy,31599000000.0,,15528000000.0,True
DXCM,Health Care,6339900000.0,3593900000.0,2746000000.0,True
FANG,Energy,71059000000.0,28092000000.0,42967000000.0,True
DLR,Real Estate,49410468000.0,24564494000.0,23346999000.0,True
DG,Consumer Staples,30963730000.0,22451768000.0,8511962000.0,True
DLTR,Consumer Staples,13466200000.0,9711300000.0,3754900000.0,True
D,Utilities,115857000000.0,82440000000.0,33417000000.0,True
DPZ,Consumer Discretionary,1716459000.0,5617601000.0,-3901142000.0,True
DASH,Consumer Discretionary,19659000000.0,9613000000.0,10033000000.0,True
DOV,Industrials,13422423000.0,,7405206000.0,True
DOW,Materials,58538000000.0,,17522000000.0,True
DHI,Consumer Discretionary,35471200000.0,10729000000.0,24742200000.0,True
DTE,Utilities,54066000000.0,,12308000000.0,True
DUK,Utilities,195736000000.0,,53019000000.0,True
DD,Industrials,21575000000.0,7472000000.0,14103000000.0,True
ETN,Industrials,41251000000.0,21782000000.0,19469000000.0,True
EBAY,Consumer Discretionary,17610000000.0,12995000000.0,4615000000.0,True
ECHO,Communication Services,43016355000.0,37204357000.0,5811998000.0,True
ECL,Materials,24696300000.0,14891800000.0,9804500000.0,True
EIX,Utilities,94026000000.0,74767000000.0,19259000000.0,True
EW,Health Care,13697200000.0,3359600000.0,10337600000.0,True
ELV,Health Care,121494000000.0,77468000000.0,44026000000.0,True
EME,Industrials,9291399000.0,5616418000.0,3674981000.0,True
EMR,Industrials,41964000000.0,,20298000000.0,True
ETR,Utilities,71890730000.0,54657153000.0,17014167000.0,True
EOG,Energy,51799000000.0,,29833000000.0,True
EQT,Energy,41792874000.0,14432726000.0,27360148000.0,True
EFX,Industrials,11864200000.0,7126000000.0,4623800000.0,True
EQIX,Real Estate,40141000000.0,25963000000.0,14153000000.0,True
ERIE,Financials,3355481000.0,1072107000.0,2283374000.0,True
ESS,Real Estate,13159009000.0,7422114000.0,5708632000.0,True
EL,Consumer Staples,19762000000.0,15956000000.0,3806000000.0,True
EG,Financials,62514000000.0,47054000000.0,15461000000.0,True
EVRG,Utilities,33948500000.0,23680700000.0,10267800000.0,True
P,Information Technology,4674259000.0,3228591000.0,1445668000.0,True
ES,Utilities,63786711000.0,,16197271000.0,True
EXC,Utilities,116570000000.0,87772000000.0,28798000000.0,True
EXE,Energy,28287000000.0,9709000000.0,18578000000.0,True
EXPE,Consumer Discretionary,24452000000.0,,2547000000.0,True
EXPD,Industrials,4893638000.0,,2358093000.0,True
EXR,Real Estate,29264046000.0,14940010000.0,14324036000.0,True
XOM,Energy,448980000000.0,182354000000.0,266626000000.0,True
FFIV,Information Technology,6319492000.0,2727493000.0,3591999000.0,True
FDS,Financials,4304272000.0,2117859000.0,2186413000.0,True
FICO,Information Technology,1868133000.0,3613917000.0,-1745784000.0,True
FAST,Industrials,5052900000.0,,3943600000.0,True
FRT,Real Estate,9130460000.0,5629819000.0,3318986000.0,True
FDX,Industrials,98937000000.0,,31647000000.0,True
FDXF,Industrials,6884000000.0,7381000000.0,-497000000.0,True
FERG,Industrials,17729000000.0,11897000000.0,5832000000.0,True
FIS,Financials,33488000000.0,19586000000.0,13902000000.0,True
FITB,Financials,214376000000.0,192652000000.0,21724000000.0,True
FSLR,Information Technology,13321310000.0,3783317000.0,9537993000.0,True
FE,Utilities,55904000000.0,41978000000.0,13926000000.0,True
FISV,Financials,80133000000.0,54324000000.0,25809000000.0,True
FLEX,Information Technology,22060000000.0,16916000000.0,5144000000.0,True
F,Consumer Discretionary,289160000000.0,253180000000.0,35980000000.0,True
FTNT,Information Technology,10389200000.0,9151700000.0,1237500000.0,True
FTV,Industrials,11737700000.0,,6461100000.0,True
FOXA,Communication Services,22482000000.0,,11728000000.0,True
FOX,Communication Services,22482000000.0,,11728000000.0,True
BEN,Financials,32368300000.0,18179500000.0,13006800000.0,True
FCX,Materials,58167000000.0,27401000000.0,30766000000.0,True
GRMN,Consumer Discretionary,10993669000.0,,8972564000.0,True
IT,Information Technology,8085400000.0,7765492000.0,319908000.0,True
GE,Industrials,130169000000.0,111271000000.0,18898000000.0,True
GEHC,Health Care,36906000000.0,26307000000.0,10390000000.0,True
GEV,Industrials,63016000000.0,50720000000.0,12296000000.0,True
GEN,Information Technology,15589000000.0,12978000000.0,2611000000.0,True
GNRC,Industrials,5573679000.0,2934633000.0,2638304000.0,True
GD,Industrials,57249000000.0,31627000000.0,25622000000.0,True
GIS,Consumer Staples,30016700000.0,22636100000.0,7380600000.0,True
GM,Consumer Discretionary,281284000000.0,218116000000.0,63168000000.0,True
GPC,Consumer Discretionary,20795540000.0,,4440363000.0,True
GILD,Health Care,59023000000.0,,22618000000.0,True
GPN,Financials,53338484000.0,29559003000.0,23578478000.0,True
GL,Financials,30813692000.0,24839113000.0,5974579000.0,True
GDDY,Information Technology,8034900000.0,,215100000.0,True
GS,Financials,1809320000000.0,1684348000000.0,124972000000.0,True
HAL,Energy,25010000000.0,14505000000.0,10505000000.0,True
HIG,Financials,85997000000.0,67018000000.0,18979000000.0,True
HAS,Consumer Discretionary,5552000000.0,4986500000.0,565500000.0,True
HCA,Health Care,60720000000.0,,-2771000000.0,True
DOC,Real Estate,20336018000.0,12033567000.0,8142870000.0,True
HSIC,Health Care,11215000000.0,6421000000.0,3899000000.0,True
HSY,Consumer Staples,13741297000.0,9104547000.0,4636750000.0,True
HPE,Information Technology,75906000000.0,,24754000000.0,True
HLT,Consumer Discretionary,16774000000.0,22120000000.0,-5359000000.0,True
HD,Consumer Discretionary,105095000000.0,92282000000.0,12813000000.0,True
HONA,Industrials,,,,False
HON,Industrials,73681000000.0,,15030000000.0,True
HRL,Consumer Staples,13393119000.0,,7915815000.0,True
HST,Real Estate,13049000000.0,6317000000.0,6561000000.0,True
HWM,Industrials,11179000000.0,5826000000.0,5353000000.0,True
HPQ,Information Technology,41769000000.0,,-346000000.0,True
HUBB,Industrials,8228800000.0,4370900000.0,3857900000.0,True
HUM,Health Care,48909000000.0,31172000000.0,17737000000.0,True
HBAN,Financials,225106000000.0,200727000000.0,24379000000.0,True
HII,Industrials,12749000000.0,7676000000.0,5073000000.0,True
IBM,Information Technology,151880000000.0,119139000000.0,32740000000.0,True
IEX,Industrials,6927000000.0,2900800000.0,4026200000.0,True
IDXX,Health Care,3350759000.0,1745376000.0,1605383000.0,True
ITW,Industrials,16148000000.0,12922000000.0,3226000000.0,True
ILMN,Health Care,6644000000.0,,2723000000.0,True
INCY,Health Care,6957973000.0,1790495000.0,5167478000.0,True
IR,Industrials,18297200000.0,8143200000.0,10154000000.0,True
PODD,Health Care,3190400000.0,1675200000.0,1515200000.0,True
INTC,Information Technology,211429000000.0,,126360000000.0,True
IBKR,Financials,203240000000.0,182768000000.0,20472000000.0,True
ICE,Financials,136887000000.0,107896000000.0,28969000000.0,True
IFF,Materials,25539000000.0,11353000000.0,14186000000.0,True
IP,Materials,37964000000.0,,14827000000.0,True
INTU,Information Technology,36786000000.0,17794000000.0,18992000000.0,True
ISRG,Health Care,20458700000.0,2517000000.0,17941700000.0,True
IVZ,Financials,27094000000.0,14089100000.0,12929500000.0,True
INVH,Real Estate,18680290000.0,9112398000.0,9567892000.0,True
IQV,Health Care,29944000000.0,23314000000.0,6630000000.0,True
IRM,Real Estate,21125019000.0,,-709331000.0,True
JBHT,Industrials,7927155000.0,4362070000.0,3565085000.0,True
JBL,Information Technology,18543000000.0,17026000000.0,1517000000.0,True
JKHY,Financials,3145711000.0,1093762000.0,2051949000.0,True
J,Industrials,11252535000.0,6585936000.0,3647905000.0,True
JNJ,Health Care,199210000000.0,117666000000.0,81544000000.0,True
JCI,Industrials,37939000000.0,24985000000.0,12954000000.0,True
JPM,Financials,4424900000000.0,4062462000000.0,362438000000.0,True
KVUE,Consumer Staples,27076000000.0,16311000000.0,10765000000.0,True
KDP,Consumer Staples,55459000000.0,29943000000.0,25516000000.0,True
KEY,Financials,184381000000.0,164000000000.0,20381000000.0,True
KEYS,Information Technology,11301000000.0,5420000000.0,5881000000.0,True
KMB,Consumer Staples,17098000000.0,,1630000000.0,True
KIM,Real Estate,19688250000.0,9120372000.0,10543372000.0,True
KMI,Energy,72748000000.0,40299000000.0,32449000000.0,True
KKR,Financials,410144072000.0,328512161000.0,78921669000.0,True
KLAC,Information Technology,17951535000.0,11601715000.0,6349820000.0,True
KHC,Consumer Staples,81786000000.0,39997000000.0,41777000000.0,True
KR,Consumer Staples,49953000000.0,44017000000.0,5936000000.0,True
LHX,Industrials,41195000000.0,21560000000.0,19635000000.0,True
LH,Health Care,18392700000.0,9756000000.0,8619800000.0,True
LRCX,Information Technology,23529743000.0,11058822000.0,12470921000.0,True
LVS,Consumer Discretionary,21920000000.0,19986000000.0,1934000000.0,True
LDOS,Industrials,13493000000.0,8531000000.0,4962000000.0,True
LEN,Consumer Discretionary,34430437000.0,12289828000.0,22140609000.0,True
LII,Industrials,4081800000.0,2918700000.0,1163100000.0,True
LLY,Health Care,112476000000.0,85941000000.0,26535000000.0,True
LIN,Materials,86817000000.0,47076000000.0,39728000000.0,True
LYV,Communication Services,22912533000.0,,894375000.0,True
LMT,Industrials,59840000000.0,53119000000.0,6721000000.0,True
L,Financials,86348000000.0,66707000000.0,19641000000.0,True
LOW,Consumer Discretionary,54144000000.0,64061000000.0,-9917000000.0,True
LULU,Consumer Discretionary,8456743000.0,3494903000.0,4961840000.0,True
LITE,Information Technology,7307500000.0,2663600000.0,4643900000.0,True
LYB,Materials,34003000000.0,,10093000000.0,True
MTB,Financials,213510000000.0,184333000000.0,29177000000.0,True
MPC,Energy,83955000000.0,59869000000.0,24086000000.0,True
MAR,Consumer Discretionary,27540000000.0,,-3771000000.0,True
MRSH,Financials,58710000000.0,,15315000000.0,True
MLM,Materials,18711000000.0,8677000000.0,10034000000.0,True
MRVL,Information Technology,22285300000.0,7976900000.0,14308400000.0,True
MAS,Industrials,5201000000.0,5125000000.0,76000000.0,True
MA,Financials,54157000000.0,46411000000.0,7746000000.0,True
MKC,Consumer Staples,13200400000.0,7432300000.0,5768100000.0,True
MCD,Consumer Discretionary,59515000000.0,,-1791000000.0,True
MCK,Health Care,82323000000.0,,-1777000000.0,True
MDT,Health Care,93028000000.0,42956000000.0,50072000000.0,True
MRK,Health Care,136866000000.0,,52662000000.0,True
META,Communication Services,366021000000.0,148778000000.0,217243000000.0,True
MET,Financials,745166000000.0,716245000000.0,28680000000.0,True
MTD,Health Care,3712646000.0,3736282000.0,-23636000.0,True
MGM,Consumer Discretionary,41373786000.0,38097468000.0,3254541000.0,True
MCHP,Information Technology,14370100000.0,,6432400000.0,True
MU,Information Technology,82798000000.0,28633000000.0,54165000000.0,True
MSFT,Information Technology,758376000000.0,315989000000.0,442387000000.0,True
MAA,Real Estate,11975383000.0,6135738000.0,5819243000.0,True
MRNA,Health Care,12338000000.0,3688000000.0,8650000000.0,True
MDLZ,Consumer Staples,71487000000.0,45596000000.0,25891000000.0,True
MPWR,Information Technology,4194199000.0,662702000.0,3531497000.0,True
MNST,Consumer Staples,9988945000.0,,8254108000.0,True
MCO,Financials,15830000000.0,11625000000.0,4205000000.0,True
MS,Financials,1420270000000.0,1307618000000.0,112652000000.0,True
MOS,Materials,24480100000.0,,12234200000.0,True
MSI,Information Technology,19389000000.0,,2427000000.0,True
MSCI,Financials,5702459000.0,8356999000.0,-2654540000.0,True
NDAQ,Financials,31053000000.0,18821000000.0,12232000000.0,True
NTAP,Information Technology,10744000000.0,9393000000.0,1351000000.0,True
NFLX,Communication Services,55596993000.0,28981505000.0,26615488000.0,True
NEM,Materials,57121000000.0,23079000000.0,34042000000.0,True
NWSA,Communication Services,15544000000.0,,9236000000.0,True
NWS,Communication Services,15544000000.0,,9236000000.0,True
NEE,Utilities,212721000000.0,146242000000.0,66479000000.0,True
NKE,Consumer Discretionary,38410000000.0,,14865000000.0,True
NI,Utilities,35858700000.0,8741000000.0,11659900000.0,True
NDSN,Industrials,5917681000.0,,3043571000.0,True
NSC,Industrials,45236000000.0,29689000000.0,15547000000.0,True
NTRS,Financials,177132700000.0,164174800000.0,12957900000.0,True
NOC,Industrials,51377000000.0,34703000000.0,16674000000.0,True
NCLH,Consumer Discretionary,22541401000.0,20331513000.0,2209888000.0,True
NRG,Utilities,29140000000.0,27459000000.0,1681000000.0,True
NUE,Materials,35104000000.0,12980000000.0,22124000000.0,True
NVDA,Information Technology,206803000000.0,49510000000.0,157293000000.0,True
NVR,Consumer Discretionary,5856930000.0,1992061000.0,3864869000.0,True
NXPI,Information Technology,26560000000.0,16109000000.0,10451000000.0,True
ORLY,Consumer Discretionary,16538253000.0,,-763352000.0,True
OXY,Energy,84186000000.0,,36598000000.0,True
ODFL,Industrials,5470160000.0,1159103000.0,4311057000.0,True
OMC,Communication Services,54415300000.0,,12693000000.0,True
ON,Information Technology,12524100000.0,4832200000.0,7691900000.0,True
OKE,Energy,66641000000.0,,22569000000.0,True
ORCL,Information Technology,261759000000.0,218703000000.0,43056000000.0,True
OTIS,Industrials,10653000000.0,15924000000.0,-5346000000.0,True
PCAR,Industrials,44336200000.0,,19264000000.0,True
PKG,Materials,10725500000.0,6127500000.0,4598000000.0,True
PLTR,Information Technology,8900392000.0,1412381000.0,7488011000.0,True
PANW,Information Technology,48460000000.0,20968000000.0,27492000000.0,True
PSKY,Communication Services,43342000000.0,,12887000000.0,True
PH,Industrials,30877000000.0,15464000000.0,15413000000.0,True
PAYX,Industrials,16174500000.0,12439400000.0,3735100000.0,True
PYPL,Financials,80173000000.0,59917000000.0,20256000000.0,True
PNR,Industrials,6868800000.0,2999600000.0,3869200000.0,True
PEP,Consumer Staples,107399000000.0,86852000000.0,20547000000.0,True
PFE,Health Care,208160000000.0,121385000000.0,86775000000.0,True
PCG,Utilities,141611000000.0,108819000000.0,32792000000.0,True
PM,Consumer Staples,69185000000.0,77213000000.0,-8028000000.0,True
PSX,Energy,73680000000.0,43439000000.0,30241000000.0,True
PNW,Utilities,30031599000.0,,7087075000.0,True
PNC,Financials,573572000000.0,512936000000.0,60636000000.0,True
PPG,Materials,22098000000.0,14001000000.0,8097000000.0,True
PPL,Utilities,45244000000.0,12373000000.0,14881000000.0,True
PFG,Financials,341376500000.0,328985200000.0,11917000000.0,True
PG,Consumer Staples,126521000000.0,72210000000.0,54311000000.0,True
PGR,Financials,123039000000.0,92716000000.0,30323000000.0,True
PLD,Real Estate,98724256000.0,40970248000.0,57754008000.0,True
PRU,Financials,773740000000.0,738159000000.0,32787000000.0,True
PEG,Utilities,57576000000.0,18924000000.0,16982000000.0,True
PTC,Information Technology,6617172000.0,2790943000.0,3826229000.0,True
PSA,Real Estate,20208604000.0,10866770000.0,9341834000.0,True
PHM,Consumer Discretionary,18048423000.0,5062981000.0,12985442000.0,True
PWR,Industrials,24926901000.0,15899027000.0,9027874000.0,True
QCOM,Information Technology,50143000000.0,28937000000.0,21206000000.0,True
DGX,Health Care,16225000000.0,,7206000000.0,True
Q,Information Technology,14070000000.0,6704000000.0,7366000000.0,True
RL,Consumer Discretionary,7739500000.0,4898100000.0,2841400000.0,True
RJF,Financials,88230000000.0,75726000000.0,12504000000.0,True
RDDT,Communication Services,3239173000.0,310135000.0,2929038000.0,True
RTX,Industrials,171079000000.0,103941000000.0,67102000000.0,True
O,Real Estate,72795612000.0,32671644000.0,40123968000.0,True
REG,Real Estate,13001283000.0,5819677000.0,7181606000.0,True
REGN,Health Care,40558700000.0,9301800000.0,31256900000.0,True
RF,Financials,158814000000.0,139711000000.0,19103000000.0,True
RSG,Industrials,34366000000.0,,11969000000.0,True
RMD,Health Care,8965950000.0,2380557000.0,6585393000.0,True
RVTY,Health Care,12168411000.0,4918051000.0,7250360000.0,True
HOOD,Financials,38137000000.0,28986000000.0,9151000000.0,True
ROK,Industrials,11219000000.0,,3711000000.0,True
ROL,Industrials,3140523000.0,1766202000.0,1374321000.0,True
ROP,Information Technology,34577000000.0,14695500000.0,19881500000.0,True
ROST,Consumer Discretionary,15548737000.0,,6187443000.0,True
RCL,Consumer Discretionary,41619000000.0,31374000000.0,10245000000.0,True
SPGI,Financials,61200000000.0,25048000000.0,31235000000.0,True
CRM,Information Technology,112305000000.0,53163000000.0,59142000000.0,True
SNDK,Information Technology,22507000000.0,6771000000.0,15736000000.0,True
SBAC,Real Estate,11575012000.0,16350269000.0,-4853519000.0,True
SLB,Energy,54868000000.0,27577000000.0,27291000000.0,True
STX,Information Technology,9972000000.0,7805000000.0,2167000000.0,True
SRE,Utilities,110878000000.0,,38793000000.0,True
NOW,Information Technology,26038000000.0,13074000000.0,12964000000.0,True
SHW,Materials,25901700000.0,,4598300000.0,True
SPG,Real Estate,40606466000.0,33901073000.0,6472087000.0,True
SWKS,Information Technology,7917000000.0,2159900000.0,5757100000.0,True
SJM,Consumer Staples,16219400000.0,10675600000.0,5543800000.0,True
SW,Materials,45157000000.0,26803000000.0,18354000000.0,True
SNA,Industrials,8412300000.0,2455500000.0,5956800000.0,True
SOLV,Health Care,14294000000.0,9245000000.0,5049000000.0,True
SO,Utilities,155720000000.0,116853000000.0,38867000000.0,True
LUV,Industrials,29061000000.0,,7981000000.0,True
SWK,Industrials,21243700000.0,,9054600000.0,True
SBUX,Consumer Discretionary,32019700000.0,40108900000.0,-8089200000.0,True
STT,Financials,366047000000.0,338206000000.0,27841000000.0,True
STLD,Materials,16419780000.0,7489369000.0,8789185000.0,True
STE,Health Care,10737200000.0,3540000000.0,7197200000.0,True
SYK,Health Care,47844000000.0,25424000000.0,22420000000.0,True
SMCI,Information Technology,29945467000.0,15465851000.0,14479616000.0,True
SYF,Financials,119095000000.0,102329000000.0,16766000000.0,True
SNPS,Information Technology,48224461000.0,19897446000.0,28327015000.0,True
SYY,Consumer Staples,28397000000.0,25731000000.0,2666000000.0,True
TMUS,Communication Services,219237000000.0,160034000000.0,59203000000.0,True
TROW,Financials,14341800000.0,2288600000.0,11017200000.0,True
TTWO,Communication Services,9383200000.0,5872300000.0,3510900000.0,True
TPR,Consumer Discretionary,6691700000.0,5999600000.0,692100000.0,True
TRGP,Energy,25218400000.0,,3198200000.0,True
TGT,Consumer Staples,59490000000.0,43325000000.0,16165000000.0,True
TEL,Information Technology,25081000000.0,12351000000.0,12585000000.0,True
TDY,Information Technology,15285300000.0,4771400000.0,10513900000.0,True
TER,Information Technology,4183599000.0,1387847000.0,2795752000.0,True
TSLA,Consumer Discretionary,137806000000.0,54941000000.0,82807000000.0,True
TXN,Information Technology,34585000000.0,18312000000.0,16273000000.0,True
TPL,Energy,1623278000.0,164371000.0,1458907000.0,True
TXT,Industrials,18129000000.0,10254000000.0,7875000000.0,True
TMO,Health Care,110343000000.0,,53415000000.0,True
TJX,Consumer Discretionary,35767000000.0,,10190000000.0,True
TKO,Communication Services,15495821000.0,6245742000.0,9215667000.0,True
TSCO,Consumer Discretionary,10933679000.0,8352386000.0,2581293000.0,True
TT,Industrials,21420700000.0,12819800000.0,8600900000.0,True
TDG,Industrials,22909000000.0,32588000000.0,-9679000000.0,True
TRV,Financials,143708000000.0,110814000000.0,32894000000.0,True
TRMB,Information Technology,9312000000.0,3475800000.0,5836200000.0,True
TFC,Financials,547538000000.0,482349000000.0,65189000000.0,True
TWLO,Information Technology,9770890000.0,1949344000.0,7821546000.0,True
TYL,Information Technology,5638908000.0,1936119000.0,3702789000.0,True
TSN,Consumer Staples,36658000000.0,,18227000000.0,True
USB,Financials,692345000000.0,626694000000.0,65651000000.0,True
UBER,Industrials,61802000000.0,33719000000.0,27918000000.0,True
UDR,Real Estate,10605674000.0,6456911000.0,3288797000.0,True
ULTA,Consumer Discretionary,6999294000.0,4195843000.0,2803451000.0,True
UNP,Industrials,69698000000.0,51231000000.0,18467000000.0,True
UAL,Industrials,76448000000.0,61166000000.0,15282000000.0,True
UPS,Industrials,73090000000.0,,16255000000.0,True
URI,Industrials,29866000000.0,20898000000.0,8968000000.0,True
UNH,Health Care,309581000000.0,207883000000.0,100090000000.0,True
UHS,Health Care,15527593000.0,,7338788000.0,True
VLO,Energy,57988000000.0,,26605000000.0,True
VEEV,Health Care,8979343000.0,1764591000.0,7214752000.0,True
VTR,Real Estate,27591945000.0,14630983000.0,12585808000.0,True
VLTO,Industrials,7693000000.0,,3106000000.0,True
VRSN,Information Technology,1325900000.0,3480100000.0,-2154200000.0,True
VRSK,Industrials,6195500000.0,5885700000.0,309800000.0,True
VZ,Communication Services,404258000000.0,298517000000.0,105741000000.0,True
VRTX,Health Care,25643000000.0,6977200000.0,18665800000.0,True
VRT,Industrials,12212400000.0,8271100000.0,3941300000.0,True
VTRS,Health Care,37193100000.0,22481800000.0,14711300000.0,True
VICI,Real Estate,46724168000.0,18501581000.0,28222587000.0,True
V,Financials,99627000000.0,61718000000.0,37909000000.0,True
VST,Utilities,41550000000.0,36440000000.0,5110000000.0,True
VMRK,Real Estate,20746023000.0,9336889000.0,11232845000.0,True
VMC,Materials,16700400000.0,8151500000.0,8548900000.0,True
VYLR,Consumer Staples,,,,False
WRB,Financials,44071071000.0,34359177000.0,9711894000.0,True
GWW,Industrials,8962000000.0,,4141000000.0,True
WAB,Industrials,22069000000.0,10879000000.0,11190000000.0,True
WMT,Consumer Staples,284668000000.0,,105887000000.0,True
DIS,Communication Services,197514000000.0,,114612000000.0,True
WM,Industrials,45835000000.0,35844000000.0,9991000000.0,True
WAT,Health Care,5076550000.0,2515308000.0,2561242000.0,True
WEC,Utilities,51518300000.0,37465500000.0,14052800000.0,True
WFC,Financials,2148631000000.0,1965593000000.0,183038000000.0,True
WELL,Real Estate,67303047000.0,24100108000.0,42939716000.0,True
WST,Health Care,4270000000.0,1094000000.0,3176000000.0,True
WDC,Information Technology,13861000000.0,4997000000.0,8864000000.0,True
WY,Real Estate,16613000000.0,7187000000.0,9426000000.0,True
WSM,Consumer Discretionary,5411912000.0,3329353000.0,2082559000.0,True
WMB,Energy,58573000000.0,,14995000000.0,True
WTW,Financials,29530000000.0,21478000000.0,8052000000.0,True
WDAY,Information Technology,18074000000.0,10269000000.0,7805000000.0,True
WYNN,Consumer Discretionary,13108117000.0,14139396000.0,-1031279000.0,True
XEL,Utilities,81371000000.0,,23609000000.0,True
XYL,Industrials,17634000000.0,5885000000.0,11491000000.0,True
YUM,Consumer Discretionary,8197000000.0,15521000000.0,-7325000000.0,True
ZBRA,Information Technology,8502000000.0,4914000000.0,3588000000.0,True
ZBH,Health Care,23091700000.0,10386000000.0,12705800000.0,True
ZTS,Health Care,15467000000.0,12136000000.0,3331000000.0,True
